category,file_order,col_name,col_type,length,col_description,codes,codes_dict
0,1,PUBID,Char,5,Public use file building identifier,00001 - 06436,{'00001 - 06436': 'continuous numerical range'}
0,2,REGION,Char,1,Census Region,"1=Northeast
2=Midwest
3=South
4=West","{'1': 'Northeast', '2': 'Midwest', '3': 'South', '4': 'West'}"
0,3,CENDIV,Char,1,Census division,"1=New England
2=Middle Atlantic  
3=East North Central        
4=West North Central 
5=South Atlantic 
6=East South Central 
7=West South Central 
8=Mountain 
9=Pacific","{'1': 'New England', '2': 'Middle Atlantic', '3': 'East North Central', '4': 'West North Central', '5': 'South Atlantic', '6': 'East South Central', '7': 'West South Central', '8': 'Mountain', '9': 'Pacific'}"
0,4,PBA,Num,8,Principal building activity,"1=Vacant
2=Office
4=Laboratory
5=Nonrefrigerated warehouse
6=Food sales
7=Public order and safety
8=Outpatient health care
11=Refrigerated warehouse
12=Religious worship
13=Public assembly
14=Education
15=Food service
16=Inpatient health care
17=Nursing
18=Lodging
23=Strip shopping center
24=Enclosed mall
25=Retail other than mall
26=Service
91=Other","{'1': 'Vacant', '2': 'Office', '4': 'Laboratory', '5': 'Nonrefrigerated warehouse', '6': 'Food sales', '7': 'Public order and safety', '8': 'Outpatient health care', '11': 'Refrigerated warehouse', '12': 'Religious worship', '13': 'Public assembly', '14': 'Education', '15': 'Food service', '16': 'Inpatient health care', '17': 'Nursing', '18': 'Lodging', '23': 'Strip shopping center', '24': 'Enclosed mall', '25': 'Retail other than mall', '26': 'Service', '91': 'Other'}"
1,5,SQFT,Num,8,Square footage,"1,001 - 2,100,000","{'1,001 - 2,100,000': 'continuous numerical range'}"
1,6,SQFTC,Num,8,Square footage category,"2=1,001 to 5,000 square feet
3=5,001 to 10,000 square feet
4=10,001 to 25,000 square feet
5=25,001 to 50,000 square feet
6=50,001 to 100,000 square feet
7=100,001 to 200,000 square feet
8=200,001 to 500,000 square feet
9=500,001 to 1 million square feet
10=Over 1 million square feet","{'2': '1,001 to 5,000 square feet', '3': '5,001 to 10,000 square feet', '4': '10,001 to 25,000 square feet', '5': '25,001 to 50,000 square feet', '6': '50,001 to 100,000 square feet', '7': '100,001 to 200,000 square feet', '8': '200,001 to 500,000 square feet', '9': '500,001 to 1 million square feet', '10': 'Over 1 million square feet'}"
1,7,WLCNS,Num,8,Wall construction material,"1=Brick, stone, or stucco
2=Pre-cast concrete panels
3=Concrete block or poured concrete (above grade)
4=Aluminum, asbestos, plastic, or wood materials (siding, shingles, tiles)
5=Sheet metal panels
6=Window or vision glass (glass that can be seen through)
7=Decorative or construction glass (glass that cannot be seen through)
8=Other","{'1': 'Brick, stone, or stucco', '2': 'Pre-cast concrete panels', '3': 'Concrete block or poured concrete (above grade)', '4': 'Aluminum, asbestos, plastic, or wood materials (siding, shingles, tiles)', '5': 'Sheet metal panels', '6': 'Window or vision glass (glass that can be seen through)', '7': 'Decorative or construction glass (glass that cannot be seen through)', '8': 'Other'}"
1,8,RFCNS,Num,8,Roof construction material,"1=Built-up (tar, felts, or fiberglass and a ballast, such as stone)
2=Slate or tile shingles
3=Wood shingles, shakes, or other wooden materials
4=Asphalt, fiberglass, or other shingles
5=Metal surfacing
6=Plastic, rubber, or synthetic sheeting (single or multiple ply)
7=Concrete
8=Other","{'1': 'Built-up (tar, felts, or fiberglass and a ballast, such as stone)', '2': 'Slate or tile shingles', '3': 'Wood shingles, shakes, or other wooden materials', '4': 'Asphalt, fiberglass, or other shingles', '5': 'Metal surfacing', '6': 'Plastic, rubber, or synthetic sheeting (single or multiple ply)', '7': 'Concrete', '8': 'Other'}"
1,9,RFCOOL,Num,8,Cool roof,"1=Yes
2=No","{'1': 'Yes', '2': 'No'}"
1,10,RFTILT,Num,8,Roof tilt,"1=Flat
2=Shallow pitch
3=Steeper pitch","{'1': 'Flat', '2': 'Shallow pitch', '3': 'Steeper pitch'}"
1,11,BLDSHP,Num,8,Building shape,"1=Square
2=Wide rectangle
3=Narrow rectangle
4=Rectangle or square with an interior courtyard
5=""H"" shaped
6=""U"" shaped
7=""E"" shaped
8=""T"" shaped
9=""L"" shaped
10=""+"" or cross shaped
11=Other shape","{'1': 'Square', '2': 'Wide rectangle', '3': 'Narrow rectangle', '4': 'Rectangle or square with an interior courtyard', '5': '""H"" shaped', '6': '""U"" shaped', '7': '""E"" shaped', '8': '""T"" shaped', '9': '""L"" shaped', '10': '""+"" or cross shaped', '11': 'Other shape'}"
1,12,GLSSPC,Num,8,Percent exterior glass,"1=1% or less
2=2 to 10%
3=11 to 25%
4=26 to 50%
5=51 to 75%
6=76 to 100%","{'1': '1% or less', '2': '2 to 10%', '3': '11 to 25%', '4': '26 to 50%', '5': '51 to 75%', '6': '76 to 100%'}"
1,13,NFLOOR,Num,8,Number of floors,"1 - 9
994=10 - 14
995=15 or more","{'1 - 9': 'continuous numerical range', '994': '10 - 14', '995': '15 or more'}"
1,14,BASEMNT,Num,8,Number of underground floors,"0 - 4
995=5 or more
Missing=Not applicable","{'0 - 4': 'continuous numerical range', '995': '5 or more', 'Missing': 'Not applicable'}"
1,15,FLCEILHT,Num,8,Floor to ceiling height,"7 - 50
995=More than 50","{'7 - 50': 'continuous numerical range', '995': 'More than 50'}"
1,16,ATTIC,Num,8,Attic,"1=Yes
2=No","{'1': 'Yes', '2': 'No'}"
1,17,ELEVTR,Num,8,Elevators,"1=Yes
2=No
Missing=Not applicable","{'1': 'Yes', '2': 'No', 'Missing': 'Not applicable'}"
1,18,NELVTR,Num,8,Number of elevators,"1 - 30
995=More than 30
Missing=Not applicable","{'1 - 30': 'continuous numerical range', '995': 'More than 30', 'Missing': 'Not applicable'}"
1,19,ESCLTR,Num,8,Escalators,"1=Yes
2=No
Missing=Not applicable","{'1': 'Yes', '2': 'No', 'Missing': 'Not applicable'}"
1,20,NESLTR,Num,8,Number of escalators,"1 - 10
995=More than 10
Missing=Not applicable","{'1 - 10': 'continuous numerical range', '995': 'More than 10', 'Missing': 'Not applicable'}"
1,21,YRCONC,Num,8,Year of construction category,"2=Before 1946
3=1946 to 1959
4=1960 to 1969
5=1970 to 1979
6=1980 to 1989
7=1990 to 1999
8=2000 to 2012
9=2013 to 2018","{'2': 'Before 1946', '3': '1946 to 1959', '4': '1960 to 1969', '5': '1970 to 1979', '6': '1980 to 1989', '7': '1990 to 1999', '8': '2000 to 2012', '9': '2013 to 2018'}"
1,22,RENOV,Num,8,Renovations,"1=Yes
2=No
Missing=Not applicable","{'1': 'Yes', '2': 'No', 'Missing': 'Not applicable'}"
1,23,RENCOS,Num,8,Cosmetic improvements,"1=Yes
2=No
Missing=Not applicable","{'1': 'Yes', '2': 'No', 'Missing': 'Not applicable'}"
1,24,RENADD,Num,8,Addition or annex,"1=Yes
2=No
Missing=Not applicable","{'1': 'Yes', '2': 'No', 'Missing': 'Not applicable'}"
1,25,RENRDC,Num,8,Reduction of floorspace,"1=Yes
2=No
Missing=Not applicable","{'1': 'Yes', '2': 'No', 'Missing': 'Not applicable'}"
1,26,RENINT,Num,8,Interior wall re-configuration,"1=Yes
2=No
Missing=Not applicable","{'1': 'Yes', '2': 'No', 'Missing': 'Not applicable'}"
1,27,RENRFF,Num,8,Roof replacement,"1=Yes
2=No
Missing=Not applicable","{'1': 'Yes', '2': 'No', 'Missing': 'Not applicable'}"
1,28,RENWIN,Num,8,Window replacement,"1=Yes
2=No
Missing=Not applicable","{'1': 'Yes', '2': 'No', 'Missing': 'Not applicable'}"
1,29,RENHVC,Num,8,HVAC equipment upgrade,"1=Yes
2=No
Missing=Not applicable","{'1': 'Yes', '2': 'No', 'Missing': 'Not applicable'}"
1,30,RENLGT,Num,8,Lighting upgrade,"1=Yes
2=No
Missing=Not applicable","{'1': 'Yes', '2': 'No', 'Missing': 'Not applicable'}"
1,31,RENPLB,Num,8,Plumbing system upgrade,"1=Yes
2=No
Missing=Not applicable","{'1': 'Yes', '2': 'No', 'Missing': 'Not applicable'}"
1,32,RENELC,Num,8,Electrical upgrade,"1=Yes
2=No
Missing=Not applicable","{'1': 'Yes', '2': 'No', 'Missing': 'Not applicable'}"
1,33,RENINS,Num,8,Insulation upgrade,"1=Yes
2=No
Missing=Not applicable","{'1': 'Yes', '2': 'No', 'Missing': 'Not applicable'}"
1,34,RENSAF,Num,8,"Fire, safety, or security upgrade","1=Yes
2=No
Missing=Not applicable","{'1': 'Yes', '2': 'No', 'Missing': 'Not applicable'}"
1,35,RENSTR,Num,8,Structural upgrade,"1=Yes
2=No
Missing=Not applicable","{'1': 'Yes', '2': 'No', 'Missing': 'Not applicable'}"
1,36,RENOTH,Num,8,Other renovation,"1=Yes
2=No
Missing=Not applicable","{'1': 'Yes', '2': 'No', 'Missing': 'Not applicable'}"
1,37,ONEACT,Num,8,One activity in building,"1=Yes
2=No","{'1': 'Yes', '2': 'No'}"
1,38,DRYCL,Num,8,Dry cleaning onsite,"1=In this building
2=Off-site
Missing=Not applicable","{'1': 'In this building', '2': 'Off-site', 'Missing': 'Not applicable'}"
1,39,VACANT,Num,8,Completely vacant,"1=Yes
2=No
Missing=Not applicable","{'1': 'Yes', '2': 'No', 'Missing': 'Not applicable'}"
1,40,PBAPLUS,Num,8,More specific building activity,"1=Vacant
2=Administrative/professional office
3=Bank/other financial
4=Government office
5=Medical office (non-diagnostic)
6=Mixed-use office
7=Other office
8=Laboratory
9=Distribution/shipping center
10=Non-refrigerated warehouse
11=Public rental storage units
12=Convenience store (w/ or w/out gas station)
14=Grocery store/food market
15=Other food sales
16=Fire station/police station
17=Other public order and safety
18=Medical office (diagnostic)
19=Clinic/other outpatient health
20=Refrigerated warehouse
21=Religious worship
22=Entertainment/culture
23=Library
24=Recreation
25=Social/meeting
26=Other public assembly 
27=College/university 
28=Elementary school 
29=High school 
30=Preschool/daycare 
31=Other classroom education 
32=Fast food 
33=Restaurant/cafeteria 
34=Other food service 
35=Hospital/inpatient health 
36=Nursing home/assisted living 
37=Dormitory/fraternity/sorority 
38=Hotel/resort 
39=Motel/inn/bed and breakfast 
40=Other lodging 
42=Retail store 
43=Other retail 
44=Post office/postal center 
46=Vehicle service/repair shop 
47=Vehicle storage/maintenance 
48=Other service
49=Other 
50=Strip shopping mall 
51=Enclosed mall 
52=Courthouse/probation office 
54=Middle/junior high school 
55=Multi-grade school (any K-12)","{'1': 'Vacant', '2': 'Administrative/professional office', '3': 'Bank/other financial', '4': 'Government office', '5': 'Medical office (non-diagnostic)', '6': 'Mixed-use office', '7': 'Other office', '8': 'Laboratory', '9': 'Distribution/shipping center', '10': 'Non-refrigerated warehouse', '11': 'Public rental storage units', '12': 'Convenience store (w/ or w/out gas station)', '14': 'Grocery store/food market', '15': 'Other food sales', '16': 'Fire station/police station', '17': 'Other public order and safety', '18': 'Medical office (diagnostic)', '19': 'Clinic/other outpatient health', '20': 'Refrigerated warehouse', '21': 'Religious worship', '22': 'Entertainment/culture', '23': 'Library', '24': 'Recreation', '25': 'Social/meeting', '26': 'Other public assembly', '27': 'College/university', '28': 'Elementary school', '29': 'High school', '30': 'Preschool/daycare', '31': 'Other classroom education', '32': 'Fast food', '33': 'Restaurant/cafeteria', '34': 'Other food service', '35': 'Hospital/inpatient health', '36': 'Nursing home/assisted living', '37': 'Dormitory/fraternity/sorority', '38': 'Hotel/resort', '39': 'Motel/inn/bed and breakfast', '40': 'Other lodging', '42': 'Retail store', '43': 'Other retail', '44': 'Post office/postal center', '46': 'Vehicle service/repair shop', '47': 'Vehicle storage/maintenance', '48': 'Other service', '49': 'Other', '50': 'Strip shopping mall', '51': 'Enclosed mall', '52': 'Courthouse/probation office', '54': 'Middle/junior high school', '55': 'Multi-grade school (any K-12)'}"
1,41,RWSEAT,Num,8,Religious worship seating capacity,"25 - 2,000
99995=More than 2,000
Missing=Not applicable","{'25 - 2,000': 'continuous numerical range', '99995': 'More than 2,000', 'Missing': 'Not applicable'}"
1,42,PBSEAT,Num,8,Assembly seating capacity,"0 - 15,000
999995=More than 15,000
Missing=Not applicable","{'0 - 15,000': 'continuous numerical range', '999995': 'More than 15,000', 'Missing': 'Not applicable'}"
1,43,EDSEAT,Num,8,Number of classroom seats,"12 - 10,000
Missing=Not applicable","{'12 - 10,000': 'continuous numerical range', 'Missing': 'Not applicable'}"
1,44,FDSEAT,Num,8,Food service seating capacity,"0 - 1,000
Missing=Not applicable","{'0 - 1,000': 'continuous numerical range', 'Missing': 'Not applicable'}"
1,46,HCBED,Num,8,Licensed inpatient beds,"15 - 250
9995=More than 250
Missing=Not applicable","{'15 - 250': 'continuous numerical range', '9995': 'More than 250', 'Missing': 'Not applicable'}"
1,47,NRSBED,Num,8,Licensed nursing beds,"15 - 250
9995=More than 250
Missing=Not applicable","{'15 - 250': 'continuous numerical range', '9995': 'More than 250', 'Missing': 'Not applicable'}"
1,48,LODGRM,Num,8,Number of guest rooms,"2 - 1,000
99995=More than 1,000
Missing=Not applicable","{'2 - 1,000': 'continuous numerical range', '99995': 'More than 1,000', 'Missing': 'Not applicable'}"
1,49,COURT,Num,8,Food court,"1=Yes
2=No
Missing=Not applicable","{'1': 'Yes', '2': 'No', 'Missing': 'Not applicable'}"
1,50,FACIL,Num,8,On a multibuilding complex,"1=Yes
2=No","{'1': 'Yes', '2': 'No'}"
1,51,FEDFAC,Num,8,Federal complex,"1=Yes
2=No
Missing=Not applicable","{'1': 'Yes', '2': 'No', 'Missing': 'Not applicable'}"
1,52,FACACT,Num,8,Type of complex,"1=College, university, or junior college
2=Primary or secondary school [grades K-12]
3=Other type of school
4=Office complex
5=Retail complex
6=Storage or distribution complex
7=Religious campus or complex
8=Hospital or other health care complex
9=Lodging or resort complex
10=Post office complex
11=Prison or correctional facility
12=Other type of government complex
13=Industrial complex
14=Transportation complex such as a terminal, depot, or airport
15=Other type of campus or complex
Missing=Not applicable","{'1': 'College, university, or junior college', '2': 'Primary or secondary school [grades K-12]', '3': 'Other type of school', '4': 'Office complex', '5': 'Retail complex', '6': 'Storage or distribution complex', '7': 'Religious campus or complex', '8': 'Hospital or other health care complex', '9': 'Lodging or resort complex', '10': 'Post office complex', '11': 'Prison or correctional facility', '12': 'Other type of government complex', '13': 'Industrial complex', '14': 'Transportation complex such as a terminal, depot, or airport', '15': 'Other type of campus or complex', 'Missing': 'Not applicable'}"
1,53,MANIND,Num,8,Manufacturing industrial,"1=Yes
2=No
Missing=Not applicable","{'1': 'Yes', '2': 'No', 'Missing': 'Not applicable'}"
1,54,PLANT,Num,8,Central physical plant,"1=Yes
2=No
Missing=Not applicable","{'1': 'Yes', '2': 'No', 'Missing': 'Not applicable'}"
1,55,FACDST,Num,8,Plant produces district steam,"1=Yes
2=No
Missing=Not applicable","{'1': 'Yes', '2': 'No', 'Missing': 'Not applicable'}"
1,56,FACDHW,Num,8,Plant produces district hot water,"1=Yes
2=No
Missing=Not applicable","{'1': 'Yes', '2': 'No', 'Missing': 'Not applicable'}"
1,57,FACDCW,Num,8,Plant produces district chilled water,"1=Yes
2=No
Missing=Not applicable","{'1': 'Yes', '2': 'No', 'Missing': 'Not applicable'}"
1,58,FACELC,Num,8,Plant produces electricity,"1=Yes
2=No
Missing=Not applicable","{'1': 'Yes', '2': 'No', 'Missing': 'Not applicable'}"
1,59,BLDPLT,Num,8,Central plant in building,"1=In this building
2=In another building
Missing=Not applicable","{'1': 'In this building', '2': 'In another building', 'Missing': 'Not applicable'}"
2,60,GOVOWN,Num,8,Government owned,"1=Yes
2=No","{'1': 'Yes', '2': 'No'}"
2,61,GOVTYP,Num,8,Type of government,"1=Federal
2=State
3=Local
7=Withheld to protect confidentiality
Missing=Not applicable","{'1': 'Federal', '2': 'State', '3': 'Local', '7': 'Withheld to protect confidentiality', 'Missing': 'Not applicable'}"
2,62,OWNTYPE,Num,8,Building owner,"1=Real estate investment trust (REIT)
2=Other public or private corporation, partnership, LLC, or LLP
3=Individual owner(s)
4=Religious organization
5=Non-profit organization (other than religious or government)
6=Private academic institution
7=Other
8=Federal government
9=State government
10=Local government
97=Withheld to protect confidentiality","{'1': 'Real estate investment trust (REIT)', '2': 'Other public or private corporation, partnership, LLC, or LLP', '3': 'Individual owner(s)', '4': 'Religious organization', '5': 'Non-profit organization (other than religious or government)', '6': 'Private academic institution', '7': 'Other', '8': 'Federal government', '9': 'State government', '10': 'Local government', '97': 'Withheld to protect confidentiality'}"
2,63,NOCC,Num,8,Number of businesses,"0 - 200
996=Withheld to protect confidentiality","{'0 - 200': 'continuous numerical range', '996': 'Withheld to protect confidentiality'}"
2,64,NOCCAT,Num,8,Number of businesses category,"1=Zero
2=One
3=2 to 5
4=6 to 10
5=11 to 20
6=21 to 50
7=51 to 100
8=More than 100
996=Withheld to protect confidentiality","{'1': 'Zero', '2': 'One', '3': '2 to 5', '4': '6 to 10', '5': '11 to 20', '6': '21 to 50', '7': '51 to 100', '8': 'More than 100', '996': 'Withheld to protect confidentiality'}"
2,65,OWNOCC,Num,8,Owner occupied or leased to tenant(s),"1=Yes
2=No
Missing=Not applicable","{'1': 'Yes', '2': 'No', 'Missing': 'Not applicable'}"
2,66,OWNOPR,Num,8,Owner operates,"1=Yes
2=No","{'1': 'Yes', '2': 'No'}"
2,67,OWNPPR,Num,8,Owner has purchasing power,"1=Yes
2=No
Missing=Not applicable","{'1': 'Yes', '2': 'No', 'Missing': 'Not applicable'}"
2,68,NWNPPR,Num,8,Nonowner with purchasing power,"1=Property management company or leasing agent
2=Business owner or tenant
3=Facilities personnel employed directly by the building owner
4=Facilities or energy management consultant
5=Volunteer member of the organization
6=Manager with general supervisory duties
7=Other
Missing=Not applicable","{'1': 'Property management company or leasing agent', '2': 'Business owner or tenant', '3': 'Facilities personnel employed directly by the building owner', '4': 'Facilities or energy management consultant', '5': 'Volunteer member of the organization', '6': 'Manager with general supervisory duties', '7': 'Other', 'Missing': 'Not applicable'}"
2,69,NWNOPR,Num,8,Nonowner operator,"1=Property management company or leasing agent
2=Business owner or tenant
3=Facilities personnel employed directly by the building owner
4=Facilities or energy management consultant
5=Volunteer member of the organization
6=Manager with general supervisory duties
7=Other
Missing=Not applicable","{'1': 'Property management company or leasing agent', '2': 'Business owner or tenant', '3': 'Facilities personnel employed directly by the building owner', '4': 'Facilities or energy management consultant', '5': 'Volunteer member of the organization', '6': 'Manager with general supervisory duties', '7': 'Other', 'Missing': 'Not applicable'}"
2,70,WHOPPR,Num,8,Who has purchasing power,"1=Building owner
2=Party responsible for operation of energy systems
3=Both (either they have equal input, or are the same person)
4=Other
Missing=Not applicable","{'1': 'Building owner', '2': 'Party responsible for operation of energy systems', '3': 'Both (either they have equal input, or are the same person)', '4': 'Other', 'Missing': 'Not applicable'}"
3,71,MONUSE,Num,8,Months in use,0 - 12,{'0 - 12': 'continuous numerical range'}
3,72,OCCUPYP,Num,8,Percent occupancy,"0 - 100
Missing=Not applicable","{'0 - 100': 'continuous numerical range', 'Missing': 'Not applicable'}"
3,73,LODOCCP,Num,8,Lodging room percent occupancy,"0 - 100
Missing=Not applicable","{'0 - 100': 'continuous numerical range', 'Missing': 'Not applicable'}"
3,74,OPEN24,Num,8,Open 24 hours a day,"1=Yes
2=No","{'1': 'Yes', '2': 'No'}"
3,75,OPNMF,Num,8,Open during week,"1=All five days
2=Some of these days
3=Not open at all Monday through Friday","{'1': 'All five days', '2': 'Some of these days', '3': 'Not open at all Monday through Friday'}"
3,76,OPNWE,Num,8,Open on weekend,"1=Yes
2=No","{'1': 'Yes', '2': 'No'}"
3,77,WKHRS,Num,8,Total hours open per week,0 - 168,{'0 - 168': 'continuous numerical range'}
3,78,WKHRSC,Num,8,Weekly hours category,"1=No hours
2=1 to 39
3=40 to 48
4=49 to 60
5=61 to 84
6=85 to 167
7=168","{'1': 'No hours', '2': '1 to 39', '3': '40 to 48', '4': '49 to 60', '5': '61 to 84', '6': '85 to 167', '7': '168'}"
3,79,NWKER,Num,8,Number of employees,"0 - 6,500","{'0 - 6,500': 'continuous numerical range'}"
3,80,NWKERC,Num,8,Number of employees category,"1=None
2=1 to 4
3=5 to 9
4=10 to 19
5=20 to 49
6=50 to 99
7=100 to 249
8=250 to 499
9=500 to 999
10=1,000 to 2,499
11=2,500 to 4,999
12=5,000 or More","{'1': 'None', '2': '1 to 4', '3': '5 to 9', '4': '10 to 19', '5': '20 to 49', '6': '50 to 99', '7': '100 to 249', '8': '250 to 499', '9': '500 to 999', '10': '1,000 to 2,499', '11': '2,500 to 4,999', '12': '5,000 or More'}"
4,81,HT1,Num,8,Energy used for main heating,"1=Yes
2=No","{'1': 'Yes', '2': 'No'}"
4,82,HT2,Num,8,Energy used for secondary heating,"1=Yes
2=No","{'1': 'Yes', '2': 'No'}"
4,83,COOL,Num,8,Energy used for cooling,"1=Yes
2=No","{'1': 'Yes', '2': 'No'}"
4,84,WATR,Num,8,Energy used for water heating,"1=Yes
2=No","{'1': 'Yes', '2': 'No'}"
4,85,COOK,Num,8,Energy used for cooking,"1=Yes
2=No","{'1': 'Yes', '2': 'No'}"
4,86,MANU,Num,8,Energy used for manufacturing,"1=Yes
2=No","{'1': 'Yes', '2': 'No'}"
4,87,EGYUSED,Num,8,Energy used in building,"1=Yes
2=No","{'1': 'Yes', '2': 'No'}"
4,88,ELUSED,Num,8,Electricity used,"1=Yes
2=No","{'1': 'Yes', '2': 'No'}"
4,89,NGUSED,Num,8,Natural gas used,"1=Yes
2=No","{'1': 'Yes', '2': 'No'}"
4,90,FKUSED,Num,8,Fuel oil/diesel/kerosene used,"1=Yes
2=No","{'1': 'Yes', '2': 'No'}"
4,91,PRUSED,Num,8,Bottled gas/LPG/propane used,"1=Yes
2=No","{'1': 'Yes', '2': 'No'}"
4,92,STUSED,Num,8,District steam used,"1=Yes
2=No","{'1': 'Yes', '2': 'No'}"
4,93,HWUSED,Num,8,District hot water used,"1=Yes
2=No","{'1': 'Yes', '2': 'No'}"
4,94,CWUSED,Num,8,District chilled water used,"1=Yes
2=No","{'1': 'Yes', '2': 'No'}"
4,95,WOUSED,Num,8,Wood used,"1=Yes
2=No","{'1': 'Yes', '2': 'No'}"
4,96,COUSED,Num,8,Coal used,"1=Yes
2=No","{'1': 'Yes', '2': 'No'}"
4,97,SOUSED,Num,8,Solar used,"1=Yes
2=No","{'1': 'Yes', '2': 'No'}"
4,98,OTUSED,Num,8,Other energy source used,"1=Yes
2=No","{'1': 'Yes', '2': 'No'}"
4,99,FKTYPE,Num,8,"Specify fuel oil, diesel, or kerosene","1=Fuel oil
2=Diesel
3=Kerosene
4=Fuel oil and diesel
5=Fuel oil and kerosene
6=Diesel and kerosene
7=Fuel oil, diesel, and kerosene
Missing=Not applicable","{'1': 'Fuel oil', '2': 'Diesel', '3': 'Kerosene', '4': 'Fuel oil and diesel', '5': 'Fuel oil and kerosene', '6': 'Diesel and kerosene', '7': 'Fuel oil, diesel, and kerosene', 'Missing': 'Not applicable'}"
4,100,SOPANEL,Num,8,Solar panels used to generate electricity,"1=Yes
2=No
Missing=Not applicable","{'1': 'Yes', '2': 'No', 'Missing': 'Not applicable'}"
4,101,SOTHERM,Num,8,Solar thermal energy used,"1=Yes
2=No
Missing=Not applicable","{'1': 'Yes', '2': 'No', 'Missing': 'Not applicable'}"
4,102,HEATP,Num,8,Percent heated,"0 - 100
Missing=Not applicable","{'0 - 100': 'continuous numerical range', 'Missing': 'Not applicable'}"
4,103,HTLS50,Num,8,Heated to less than 50 degrees,"1=Yes
2=No
Missing=Not applicable","{'1': 'Yes', '2': 'No', 'Missing': 'Not applicable'}"
4,104,ELHT1,Num,8,Electricity used for main heating,"1=Yes
2=No","{'1': 'Yes', '2': 'No'}"
4,105,NGHT1,Num,8,Natural gas used for main heating,"1=Yes
2=No","{'1': 'Yes', '2': 'No'}"
4,106,FKHT1,Num,8,Fuel oil used for main heating,"1=Yes
2=No","{'1': 'Yes', '2': 'No'}"
4,107,PRHT1,Num,8,Propane used for main heating,"1=Yes
2=No","{'1': 'Yes', '2': 'No'}"
4,108,STHT1,Num,8,District steam used for main heating,"1=Yes
2=No","{'1': 'Yes', '2': 'No'}"
4,109,HWHT1,Num,8,District hot water used for main heating,"1=Yes
2=No","{'1': 'Yes', '2': 'No'}"
4,110,WOHT1,Num,8,Wood used for main heating,"1=Yes
2=No","{'1': 'Yes', '2': 'No'}"
4,111,COHT1,Num,8,Coal used for main heating,"1=Yes
2=No","{'1': 'Yes', '2': 'No'}"
4,112,SOHT1,Num,8,Solar used for main heating,"1=Yes
2=No","{'1': 'Yes', '2': 'No'}"
4,113,OTHT1,Num,8,Other source used for main heating,"1=Yes
2=No","{'1': 'Yes', '2': 'No'}"
4,114,ELHT2,Num,8,Electricity used for secondary heating,"1=Yes
2=No","{'1': 'Yes', '2': 'No'}"
4,115,NGHT2,Num,8,Natural gas used for secondary heating,"1=Yes
2=No","{'1': 'Yes', '2': 'No'}"
4,116,FKHT2,Num,8,Fuel oil used for secondary heating,"1=Yes
2=No","{'1': 'Yes', '2': 'No'}"
4,117,PRHT2,Num,8,Propane used for secondary heating,"1=Yes
2=No","{'1': 'Yes', '2': 'No'}"
4,118,STHT2,Num,8,District steam used for secondary heating,"1=Yes
2=No","{'1': 'Yes', '2': 'No'}"
4,119,HWHT2,Num,8,District hot water used for secondary heating,"1=Yes
2=No","{'1': 'Yes', '2': 'No'}"
4,120,WOHT2,Num,8,Wood used for secondary heating,"1=Yes
2=No","{'1': 'Yes', '2': 'No'}"
4,121,COHT2,Num,8,Coal used for secondary heating,"1=Yes
2=No","{'1': 'Yes', '2': 'No'}"
4,122,SOHT2,Num,8,Solar used for secondary heating,"1=Yes
2=No","{'1': 'Yes', '2': 'No'}"
4,123,OTHT2,Num,8,Other source used for secondary heating,"1=Yes
2=No","{'1': 'Yes', '2': 'No'}"
4,124,PKGHT,Num,8,Packaged central units used for heating,"1=Yes
2=No
Missing=Not applicable","{'1': 'Yes', '2': 'No', 'Missing': 'Not applicable'}"
4,125,FURNAC,Num,8,Furnaces used for heating,"1=Yes
2=No
Missing=Not applicable","{'1': 'Yes', '2': 'No', 'Missing': 'Not applicable'}"
4,126,SLFCON,Num,8,Individual space heaters used for heating,"1=Yes
2=No
Missing=Not applicable","{'1': 'Yes', '2': 'No', 'Missing': 'Not applicable'}"
4,127,BOILER,Num,8,Boilers used for heating,"1=Yes
2=No
Missing=Not applicable","{'1': 'Yes', '2': 'No', 'Missing': 'Not applicable'}"
4,128,HTPMPH,Num,8,Heat pumps used for heating,"1=Yes
2=No
Missing=Not applicable","{'1': 'Yes', '2': 'No', 'Missing': 'Not applicable'}"
4,129,STHW,Num,8,District steam or hot water heating system used for heating,"1=Yes
2=No
Missing=Not applicable","{'1': 'Yes', '2': 'No', 'Missing': 'Not applicable'}"
4,130,REHEAT,Num,8,Duct reheat used for heating,"1=Yes
2=No
Missing=Not applicable","{'1': 'Yes', '2': 'No', 'Missing': 'Not applicable'}"
4,131,FIREPLC,Num,8,Fireplaces used for heating,"1=Yes
2=No
Missing=Not applicable","{'1': 'Yes', '2': 'No', 'Missing': 'Not applicable'}"
4,132,OTHTEQ,Num,8,Other type of equipment used for heating,"1=Yes
2=No
Missing=Not applicable","{'1': 'Yes', '2': 'No', 'Missing': 'Not applicable'}"
4,133,PKGHT_EL,Num,8,Packaged central units powered by electricity,"1=Yes
2=No
Missing=Not applicable","{'1': 'Yes', '2': 'No', 'Missing': 'Not applicable'}"
4,134,BOILER_EL,Num,8,Boilers powered by electricity,"1=Yes
2=No
Missing=Not applicable","{'1': 'Yes', '2': 'No', 'Missing': 'Not applicable'}"
4,135,HTPMPH_EL,Num,8,Heat pumps powered by electricity,"1=Yes
2=No
Missing=Not applicable","{'1': 'Yes', '2': 'No', 'Missing': 'Not applicable'}"
4,136,FURNAC_EL,Num,8,Furnaces  powered by electricity,"1=Yes
2=No
Missing=Not applicable","{'1': 'Yes', '2': 'No', 'Missing': 'Not applicable'}"
4,137,SLFCON_EL,Num,8,Individual space heaters powered by electricity,"1=Yes
2=No
Missing=Not applicable","{'1': 'Yes', '2': 'No', 'Missing': 'Not applicable'}"
4,138,FIREPLC_EL,Num,8,Fireplaces powered by electricity,"1=Yes
2=No
Missing=Not applicable","{'1': 'Yes', '2': 'No', 'Missing': 'Not applicable'}"
4,139,REHEAT_EL,Num,8,Duct reheat powered by electricity,"1=Yes
2=No
Missing=Not applicable","{'1': 'Yes', '2': 'No', 'Missing': 'Not applicable'}"
4,140,OTHTEQ_EL,Num,8,Other heating equipment powered by electricity,"1=Yes
2=No
Missing=Not applicable","{'1': 'Yes', '2': 'No', 'Missing': 'Not applicable'}"
4,141,PKGHT_NG,Num,8,Packaged central units fueled by natural gas,"1=Yes
2=No
Missing=Not applicable","{'1': 'Yes', '2': 'No', 'Missing': 'Not applicable'}"
4,142,BOILER_NG,Num,8,Boilers fueled by natural gas,"1=Yes
2=No
Missing=Not applicable","{'1': 'Yes', '2': 'No', 'Missing': 'Not applicable'}"
4,143,HTPMPH_NG,Num,8,Heat pumps fueled by natural gas,"1=Yes
2=No
Missing=Not applicable","{'1': 'Yes', '2': 'No', 'Missing': 'Not applicable'}"
4,144,FURNAC_NG,Num,8,Furnaces fueled by natural gas,"1=Yes
2=No
Missing=Not applicable","{'1': 'Yes', '2': 'No', 'Missing': 'Not applicable'}"
4,145,SLFCON_NG,Num,8,Individual space heaters fueled by natural gas,"1=Yes
2=No
Missing=Not applicable","{'1': 'Yes', '2': 'No', 'Missing': 'Not applicable'}"
4,146,FIREPLC_NG,Num,8,Fireplaces fueled by natural gas,"1=Yes
2=No
Missing=Not applicable","{'1': 'Yes', '2': 'No', 'Missing': 'Not applicable'}"
4,147,OTHTEQ_NG,Num,8,Other heating equipment fueled by natural gas,"1=Yes
2=No
Missing=Not applicable","{'1': 'Yes', '2': 'No', 'Missing': 'Not applicable'}"
4,148,BOILER_FK,Num,8,Boilers fueled by fuel oil,"1=Yes
2=No
Missing=Not applicable","{'1': 'Yes', '2': 'No', 'Missing': 'Not applicable'}"
4,149,FURNAC_FK,Num,8,Furnaces fueled by fuel oil,"1=Yes
2=No
Missing=Not applicable","{'1': 'Yes', '2': 'No', 'Missing': 'Not applicable'}"
4,150,SLFCON_FK,Num,8,Individual space heaters fueled by fuel oil,"1=Yes
2=No
Missing=Not applicable","{'1': 'Yes', '2': 'No', 'Missing': 'Not applicable'}"
4,151,OTHTEQ_FK,Num,8,Other heating equipment fueled by fuel oil,"1=Yes
2=No
Missing=Not applicable","{'1': 'Yes', '2': 'No', 'Missing': 'Not applicable'}"
4,152,PKGHT_PR,Num,8,Packaged central units fueled by propane,"1=Yes
2=No
Missing=Not applicable","{'1': 'Yes', '2': 'No', 'Missing': 'Not applicable'}"
4,153,BOILER_PR,Num,8,Boilers fueled by propane,"1=Yes
2=No
Missing=Not applicable","{'1': 'Yes', '2': 'No', 'Missing': 'Not applicable'}"
4,154,HTPMPH_PR,Num,8,Heat pumps fueled by propane,"1=Yes
2=No
Missing=Not applicable","{'1': 'Yes', '2': 'No', 'Missing': 'Not applicable'}"
4,155,FURNAC_PR,Num,8,Furnaces fueled by propane,"1=Yes
2=No
Missing=Not applicable","{'1': 'Yes', '2': 'No', 'Missing': 'Not applicable'}"
4,156,SLFCON_PR,Num,8,Individual space heaters fueled by propane,"1=Yes
2=No
Missing=Not applicable","{'1': 'Yes', '2': 'No', 'Missing': 'Not applicable'}"
4,157,FIREPLC_PR,Num,8,Fireplaces fueled by propane,"1=Yes
2=No
Missing=Not applicable","{'1': 'Yes', '2': 'No', 'Missing': 'Not applicable'}"
4,158,OTHTEQ_PR,Num,8,Other heating equipment fueled by propane,"1=Yes
2=No
Missing=Not applicable","{'1': 'Yes', '2': 'No', 'Missing': 'Not applicable'}"
4,159,DIST_ST,Num,8,District steam system,"1=Yes
2=No
Missing=Not applicable","{'1': 'Yes', '2': 'No', 'Missing': 'Not applicable'}"
4,160,AIRHAND_ST,Num,8,Central air handlers for steam distribution,"1=Yes
2=No
Missing=Not applicable","{'1': 'Yes', '2': 'No', 'Missing': 'Not applicable'}"
4,161,FANCOIL_ST,Num,8,Fan coil or induction units for steam distribution,"1=Yes
2=No
Missing=Not applicable","{'1': 'Yes', '2': 'No', 'Missing': 'Not applicable'}"
4,162,REHEAT_ST,Num,8,Duct reheat for steam distribution,"1=Yes
2=No
Missing=Not applicable","{'1': 'Yes', '2': 'No', 'Missing': 'Not applicable'}"
4,163,RADIATR_ST,Num,8,Radiators for steam distribution,"1=Yes
2=No
Missing=Not applicable","{'1': 'Yes', '2': 'No', 'Missing': 'Not applicable'}"
4,164,RADFLR_ST,Num,8,Radiant floor or ceiling panels for steam distribution,"1=Yes
2=No
Missing=Not applicable","{'1': 'Yes', '2': 'No', 'Missing': 'Not applicable'}"
4,165,WTLOOP_ST,Num,8,Water loop heat pump for steam distribution,"1=Yes
2=No
Missing=Not applicable","{'1': 'Yes', '2': 'No', 'Missing': 'Not applicable'}"
4,166,OTDIST_ST,Num,8,Other type of steam distribution,"1=Yes
2=No
Missing=Not applicable","{'1': 'Yes', '2': 'No', 'Missing': 'Not applicable'}"
4,167,DIST_HW,Num,8,District hot water system,"1=Yes
2=No
Missing=Not applicable","{'1': 'Yes', '2': 'No', 'Missing': 'Not applicable'}"
4,168,AIRHAND_HW,Num,8,Central air handlers for hot water distribution,"1=Yes
2=No
Missing=Not applicable","{'1': 'Yes', '2': 'No', 'Missing': 'Not applicable'}"
4,169,FANCOIL_HW,Num,8,Fan coil or induction units for hot water distribution,"1=Yes
2=No
Missing=Not applicable","{'1': 'Yes', '2': 'No', 'Missing': 'Not applicable'}"
4,170,REHEAT_HW,Num,8,Duct reheat for hot water distribution,"1=Yes
2=No
Missing=Not applicable","{'1': 'Yes', '2': 'No', 'Missing': 'Not applicable'}"
4,171,RADIATR_HW,Num,8,Radiators for hot water distribution,"1=Yes
2=No
Missing=Not applicable","{'1': 'Yes', '2': 'No', 'Missing': 'Not applicable'}"
4,172,RADFLR_HW,Num,8,Radiant floor or ceiling panels for hot water distribution,"1=Yes
2=No
Missing=Not applicable","{'1': 'Yes', '2': 'No', 'Missing': 'Not applicable'}"
4,173,WTLOOP_HW,Num,8,Water loop heat pump for hot water distribution,"1=Yes
2=No
Missing=Not applicable","{'1': 'Yes', '2': 'No', 'Missing': 'Not applicable'}"
4,174,OTDIST_HW,Num,8,Other type of hot water distribution,"1=Yes
2=No
Missing=Not applicable","{'1': 'Yes', '2': 'No', 'Missing': 'Not applicable'}"
4,175,FURNAC_WO,Num,8,Furnaces fueled by wood,"1=Yes
2=No
Missing=Not applicable","{'1': 'Yes', '2': 'No', 'Missing': 'Not applicable'}"
4,176,SLFCON_WO,Num,8,Individual space heaters fueled by wood,"1=Yes
2=No
Missing=Not applicable","{'1': 'Yes', '2': 'No', 'Missing': 'Not applicable'}"
4,177,FIREPLC_WO,Num,8,Fireplaces fueled by wood,"1=Yes
2=No
Missing=Not applicable","{'1': 'Yes', '2': 'No', 'Missing': 'Not applicable'}"
4,178,OTHTEQ_WO,Num,8,Other heating equipment fueled by wood,"1=Yes
2=No
Missing=Not applicable","{'1': 'Yes', '2': 'No', 'Missing': 'Not applicable'}"
4,179,BOILER_CO,Num,8,Boilers fueled by coal,"1=Yes
2=No
Missing=Not applicable","{'1': 'Yes', '2': 'No', 'Missing': 'Not applicable'}"
4,180,FURNAC_CO,Num,8,Furnaces fueled by coal,"1=Yes
2=No
Missing=Not applicable","{'1': 'Yes', '2': 'No', 'Missing': 'Not applicable'}"
4,181,OTHTEQ_CO,Num,8,Other heating equipment fueled by coal,"1=Yes
2=No
Missing=Not applicable","{'1': 'Yes', '2': 'No', 'Missing': 'Not applicable'}"
4,182,SOTHERM_SO,Num,8,Solar thermal heating equipment,"1=Yes
2=No
Missing=Not applicable","{'1': 'Yes', '2': 'No', 'Missing': 'Not applicable'}"
4,183,PKGHT_OT,Num,8,Packaged central units fueled by other source,"1=Yes
2=No
Missing=Not applicable","{'1': 'Yes', '2': 'No', 'Missing': 'Not applicable'}"
4,184,BOILER_OT,Num,8,Boilers fueled by other source,"1=Yes
2=No
Missing=Not applicable","{'1': 'Yes', '2': 'No', 'Missing': 'Not applicable'}"
4,185,FURNAC_OT,Num,8,Furnaces fueled by other source,"1=Yes
2=No
Missing=Not applicable","{'1': 'Yes', '2': 'No', 'Missing': 'Not applicable'}"
4,186,SLFCON_OT,Num,8,Individual space heaters fueled by other source,"1=Yes
2=No
Missing=Not applicable","{'1': 'Yes', '2': 'No', 'Missing': 'Not applicable'}"
4,187,OTHTEQ_OT,Num,8,Other heating equipment fueled by other source,"1=Yes
2=No
Missing=Not applicable","{'1': 'Yes', '2': 'No', 'Missing': 'Not applicable'}"
4,188,BLRAIR_HT1,Num,8,Central air handlers for boiler distribution,"1=Yes
2=No
Missing=Not applicable","{'1': 'Yes', '2': 'No', 'Missing': 'Not applicable'}"
4,189,BLRFNCL_HT1,Num,8,Fan coil or induction units for boiler distribution,"1=Yes
2=No
Missing=Not applicable","{'1': 'Yes', '2': 'No', 'Missing': 'Not applicable'}"
4,190,BLRDUCT_HT1,Num,8,Duct reheat for boiler distribution,"1=Yes
2=No
Missing=Not applicable","{'1': 'Yes', '2': 'No', 'Missing': 'Not applicable'}"
4,191,BLRRAD_HT1,Num,8,Radiators for boiler distribution,"1=Yes
2=No
Missing=Not applicable","{'1': 'Yes', '2': 'No', 'Missing': 'Not applicable'}"
4,192,BLRRDFL_HT1,Num,8,Radiant floor or ceiling panels for boiler distribution,"1=Yes
2=No
Missing=Not applicable","{'1': 'Yes', '2': 'No', 'Missing': 'Not applicable'}"
4,193,BLRWTLP_HT1,Num,8,Water loop heat pump for boiler distribution,"1=Yes
2=No
Missing=Not applicable","{'1': 'Yes', '2': 'No', 'Missing': 'Not applicable'}"
4,194,BLROTD_HT1,Num,8,Other type of boiler distribution,"1=Yes
2=No
Missing=Not applicable","{'1': 'Yes', '2': 'No', 'Missing': 'Not applicable'}"
4,195,BLRAIR_EL2,Num,8,Central air handlers for electric boiler distribution,"1=Yes
2=No
Missing=Not applicable","{'1': 'Yes', '2': 'No', 'Missing': 'Not applicable'}"
4,196,BLRFNCL_EL2,Num,8,Fan coil or induction units for electric boiler distribution,"1=Yes
2=No
Missing=Not applicable","{'1': 'Yes', '2': 'No', 'Missing': 'Not applicable'}"
4,197,BLRDUCT_EL2,Num,8,Duct reheat for electric boiler distribution,"1=Yes
2=No
Missing=Not applicable","{'1': 'Yes', '2': 'No', 'Missing': 'Not applicable'}"
4,198,BLRRAD_EL2,Num,8,Radiators for electric boiler distribution,"1=Yes
2=No
Missing=Not applicable","{'1': 'Yes', '2': 'No', 'Missing': 'Not applicable'}"
4,199,BLRRDFL_EL2,Num,8,Radiant floor or ceiling panels for electric boiler distribution,"1=Yes
2=No
Missing=Not applicable","{'1': 'Yes', '2': 'No', 'Missing': 'Not applicable'}"
4,200,BLRWTLP_EL2,Num,8,Water loop heat pump for electric boiler distribution,"1=Yes
2=No
Missing=Not applicable","{'1': 'Yes', '2': 'No', 'Missing': 'Not applicable'}"
4,201,BLROTD_EL2,Num,8,Other type of electric boiler distribution,"1=Yes
2=No
Missing=Not applicable","{'1': 'Yes', '2': 'No', 'Missing': 'Not applicable'}"
4,202,BLRAIR_NG2,Num,8,Central air handlers for nat gas boiler distribution,"1=Yes
2=No
Missing=Not applicable","{'1': 'Yes', '2': 'No', 'Missing': 'Not applicable'}"
4,203,BLRFNCL_NG2,Num,8,Fan coil or induction units for nat gas boiler distribution,"1=Yes
2=No
Missing=Not applicable","{'1': 'Yes', '2': 'No', 'Missing': 'Not applicable'}"
4,204,BLRDUCT_NG2,Num,8,Duct reheat for nat gas boiler distribution,"1=Yes
2=No
Missing=Not applicable","{'1': 'Yes', '2': 'No', 'Missing': 'Not applicable'}"
4,205,BLRRAD_NG2,Num,8,Radiators for nat gas boiler distribution,"1=Yes
2=No
Missing=Not applicable","{'1': 'Yes', '2': 'No', 'Missing': 'Not applicable'}"
4,206,BLRRDFL_NG2,Num,8,Radiant floor or ceiling panels for nat gas boiler distribution,"1=Yes
2=No
Missing=Not applicable","{'1': 'Yes', '2': 'No', 'Missing': 'Not applicable'}"
4,207,BLRWTLP_NG2,Num,8,Water loop heat pump for nat gas boiler distribution,"1=Yes
2=No
Missing=Not applicable","{'1': 'Yes', '2': 'No', 'Missing': 'Not applicable'}"
4,208,BLROTD_NG2,Num,8,Other type of nat gas boiler distribution,"1=Yes
2=No
Missing=Not applicable","{'1': 'Yes', '2': 'No', 'Missing': 'Not applicable'}"
4,209,BLRAIR_FK2,Num,8,Central air handlers for fuel oil boiler distribution,"1=Yes
2=No
Missing=Not applicable","{'1': 'Yes', '2': 'No', 'Missing': 'Not applicable'}"
4,210,BLRFNCL_FK2,Num,8,Fan coil or induction units for fuel oil boiler distribution,"1=Yes
2=No
Missing=Not applicable","{'1': 'Yes', '2': 'No', 'Missing': 'Not applicable'}"
4,211,BLRDUCT_FK2,Num,8,Duct reheat for fuel oil boiler distribution,"1=Yes
2=No
Missing=Not applicable","{'1': 'Yes', '2': 'No', 'Missing': 'Not applicable'}"
4,212,BLRRAD_FK2,Num,8,Radiators for fuel oil boiler distribution,"1=Yes
2=No
Missing=Not applicable","{'1': 'Yes', '2': 'No', 'Missing': 'Not applicable'}"
4,213,BLRRDFL_FK2,Num,8,Radiant floor or ceiling panels for fuel oil boiler distribution,"1=Yes
2=No
Missing=Not applicable","{'1': 'Yes', '2': 'No', 'Missing': 'Not applicable'}"
4,214,BLRWTLP_FK2,Num,8,Water loop heat pump for fuel oil boiler distribution,"1=Yes
2=No
Missing=Not applicable","{'1': 'Yes', '2': 'No', 'Missing': 'Not applicable'}"
4,215,BLROTD_FK2,Num,8,Other type of fuel oil boiler distribution,"1=Yes
2=No
Missing=Not applicable","{'1': 'Yes', '2': 'No', 'Missing': 'Not applicable'}"
4,216,BLRAIR_PR2,Num,8,Central air handlers for propane boiler distribution,"1=Yes
2=No
Missing=Not applicable","{'1': 'Yes', '2': 'No', 'Missing': 'Not applicable'}"
4,217,BLRFNCL_PR2,Num,8,Fan coil or induction units for propane boiler distribution,"1=Yes
2=No
Missing=Not applicable","{'1': 'Yes', '2': 'No', 'Missing': 'Not applicable'}"
4,218,BLRDUCT_PR2,Num,8,Duct reheat for propane boiler distribution,"1=Yes
2=No
Missing=Not applicable","{'1': 'Yes', '2': 'No', 'Missing': 'Not applicable'}"
4,219,BLRRAD_PR2,Num,8,Radiators for propane boiler distribution,"1=Yes
2=No
Missing=Not applicable","{'1': 'Yes', '2': 'No', 'Missing': 'Not applicable'}"
4,220,BLRRDFL_PR2,Num,8,Radiant floor or ceiling panels for propane boiler distribution,"1=Yes
2=No
Missing=Not applicable","{'1': 'Yes', '2': 'No', 'Missing': 'Not applicable'}"
4,221,BLRWTLP_PR2,Num,8,Water loop heat pump for propane boiler distribution,"1=Yes
2=No
Missing=Not applicable","{'1': 'Yes', '2': 'No', 'Missing': 'Not applicable'}"
4,222,BLROTD_PR2,Num,8,Other type of propane boiler distribution,"1=Yes
2=No
Missing=Not applicable","{'1': 'Yes', '2': 'No', 'Missing': 'Not applicable'}"
4,223,BLRAIR_CO2,Num,8,Central air handlers for coal boiler distribution,"1=Yes
2=No
Missing=Not applicable","{'1': 'Yes', '2': 'No', 'Missing': 'Not applicable'}"
4,224,BLRFNCL_CO2,Num,8,Fan coil or induction units for coal boiler distribution,"1=Yes
2=No
Missing=Not applicable","{'1': 'Yes', '2': 'No', 'Missing': 'Not applicable'}"
4,225,BLRDUCT_CO2,Num,8,Duct reheat for coal boiler distribution,"1=Yes
2=No
Missing=Not applicable","{'1': 'Yes', '2': 'No', 'Missing': 'Not applicable'}"
4,226,BLRRAD_CO2,Num,8,Radiators for coal boiler distribution,"1=Yes
2=No
Missing=Not applicable","{'1': 'Yes', '2': 'No', 'Missing': 'Not applicable'}"
4,227,BLRRDFL_CO2,Num,8,Radiant floor or ceiling panels for coal boiler distribution,"1=Yes
2=No
Missing=Not applicable","{'1': 'Yes', '2': 'No', 'Missing': 'Not applicable'}"
4,228,BLRWTLP_CO2,Num,8,Water loop heat pump for coal boiler distribution,"1=Yes
2=No
Missing=Not applicable","{'1': 'Yes', '2': 'No', 'Missing': 'Not applicable'}"
4,229,BLROTD_CO2,Num,8,Other type of coal boiler distribution,"1=Yes
2=No
Missing=Not applicable","{'1': 'Yes', '2': 'No', 'Missing': 'Not applicable'}"
4,230,BLRAIR_OT2,Num,8,Central air handlers for other source boiler distribution,"1=Yes
2=No
Missing=Not applicable","{'1': 'Yes', '2': 'No', 'Missing': 'Not applicable'}"
4,231,BLRFNCL_OT2,Num,8,Fan coil or induction units for other source boiler distribution,"1=Yes
2=No
Missing=Not applicable","{'1': 'Yes', '2': 'No', 'Missing': 'Not applicable'}"
4,232,BLRDUCT_OT2,Num,8,Duct reheat for other source boiler distribution,"1=Yes
2=No
Missing=Not applicable","{'1': 'Yes', '2': 'No', 'Missing': 'Not applicable'}"
4,233,BLRRAD_OT2,Num,8,Radiators for other source boiler distribution,"1=Yes
2=No
Missing=Not applicable","{'1': 'Yes', '2': 'No', 'Missing': 'Not applicable'}"
4,234,BLRRDFL_OT2,Num,8,Radiant floor or ceiling panels for other source boiler distribution,"1=Yes
2=No
Missing=Not applicable","{'1': 'Yes', '2': 'No', 'Missing': 'Not applicable'}"
4,235,BLRWTLP_OT2,Num,8,Water loop heat pump for other source boiler distribution,"1=Yes
2=No
Missing=Not applicable","{'1': 'Yes', '2': 'No', 'Missing': 'Not applicable'}"
4,236,BLROTD_OT2,Num,8,Other type of other source boiler distribution,"1=Yes
2=No
Missing=Not applicable","{'1': 'Yes', '2': 'No', 'Missing': 'Not applicable'}"
4,237,BLRAIR,Num,8,Central air handlers for boiler distribution,"1=Yes
2=No
Missing=Not applicable","{'1': 'Yes', '2': 'No', 'Missing': 'Not applicable'}"
4,238,BLRDUCT,Num,8,Duct reheat for boiler distribution,"1=Yes
2=No
Missing=Not applicable","{'1': 'Yes', '2': 'No', 'Missing': 'Not applicable'}"
4,239,BLRFNCL,Num,8,Fan coil or induction units for boiler distribution,"1=Yes
2=No
Missing=Not applicable","{'1': 'Yes', '2': 'No', 'Missing': 'Not applicable'}"
4,240,BLROTD,Num,8,Other type of boiler distribution,"1=Yes
2=No
Missing=Not applicable","{'1': 'Yes', '2': 'No', 'Missing': 'Not applicable'}"
4,241,BLRRAD,Num,8,Radiators for boiler distribution,"1=Yes
2=No
Missing=Not applicable","{'1': 'Yes', '2': 'No', 'Missing': 'Not applicable'}"
4,242,BLRRDFL,Num,8,Radiant floor or ceiling panels for boiler distribution,"1=Yes
2=No
Missing=Not applicable","{'1': 'Yes', '2': 'No', 'Missing': 'Not applicable'}"
4,243,BLRWTLP,Num,8,Water loop heat pump for boiler distribution,"1=Yes
2=No
Missing=Not applicable","{'1': 'Yes', '2': 'No', 'Missing': 'Not applicable'}"
4,244,PKGHPH,Num,8,Heat pump in packaged unit,"1=Yes
2=No
5=Don't know
Missing=Not applicable","{'1': 'Yes', '2': 'No', '5': 'Dont know', 'Missing': 'Not applicable'}"
4,245,HPHPTHP,Num,8,Heat pumps are PTHPs,"1=Yes
2=No
3=Heat pumps are both PTHP and split-system
Missing=Not applicable","{'1': 'Yes', '2': 'No', '3': 'Heat pumps are both PTHP and split-system', 'Missing': 'Not applicable'}"
4,246,HPHAIR,Num,8,Air source heat pump,"1=Yes
2=No
Missing=Not applicable","{'1': 'Yes', '2': 'No', 'Missing': 'Not applicable'}"
4,247,HPHGRD,Num,8,Geothermal heat pump,"1=Yes
2=No
Missing=Not applicable","{'1': 'Yes', '2': 'No', 'Missing': 'Not applicable'}"
4,248,HPHDUAL,Num,8,Combination air source and geothermal heat pump,"1=Yes
2=No
Missing=Not applicable","{'1': 'Yes', '2': 'No', 'Missing': 'Not applicable'}"
4,249,HPHWTR,Num,8,Water loop heat pump,"1=Yes
2=No
Missing=Not applicable","{'1': 'Yes', '2': 'No', 'Missing': 'Not applicable'}"
4,250,HPHVRF,Num,8,VRF system,"1=Yes
2=No
Missing=Not applicable","{'1': 'Yes', '2': 'No', 'Missing': 'Not applicable'}"
4,251,SPHTPTHP,Num,8,Space heaters are PTHPs,"1=Yes
2=No
3=Space heaters are both PTHP and other types
5=Don't know
Missing=Not applicable","{'1': 'Yes', '2': 'No', '3': 'Space heaters are both PTHP and other types', '5': 'Dont know', 'Missing': 'Not applicable'}"
4,252,FURNP_EL,Num,8,Pct heated by electric furnace,"1 - 100
Missing=Not applicable","{'1 - 100': 'continuous numerical range', 'Missing': 'Not applicable'}"
4,253,PKGHP_EL,Num,8,Pct heated by electric packaged unit,"1 - 100
Missing=Not applicable","{'1 - 100': 'continuous numerical range', 'Missing': 'Not applicable'}"
4,254,BOILP_EL,Num,8,Pct heated by electric boiler,"1 - 100
Missing=Not applicable","{'1 - 100': 'continuous numerical range', 'Missing': 'Not applicable'}"
4,255,HTPHP_EL,Num,8,Pct heated by electric heat pump,"1 - 100
Missing=Not applicable","{'1 - 100': 'continuous numerical range', 'Missing': 'Not applicable'}"
4,256,SLFCNP_EL,Num,8,Pct heated by electric space heater,"1 - 100
Missing=Not applicable","{'1 - 100': 'continuous numerical range', 'Missing': 'Not applicable'}"
4,257,FIREPLP_EL,Num,8,Pct heated by electric fireplace,"1 - 100
Missing=Not applicable","{'1 - 100': 'continuous numerical range', 'Missing': 'Not applicable'}"
4,258,REHEATP_EL,Num,8,Pct heated by electric duct reheat,"1 - 100
Missing=Not applicable","{'1 - 100': 'continuous numerical range', 'Missing': 'Not applicable'}"
4,259,OTHTP_EL,Num,8,Pct heated by electric heating equipment,"1 - 100
Missing=Not applicable","{'1 - 100': 'continuous numerical range', 'Missing': 'Not applicable'}"
4,260,FURNP_NG,Num,8,Pct heated by natural gas furnace,"1 - 100
Missing=Not applicable","{'1 - 100': 'continuous numerical range', 'Missing': 'Not applicable'}"
4,261,PKGHP_NG,Num,8,Pct heated by natural gas packaged unit,"1 - 100
Missing=Not applicable","{'1 - 100': 'continuous numerical range', 'Missing': 'Not applicable'}"
4,262,BOILP_NG,Num,8,Pct heated by natural gas boiler,"1 - 100
Missing=Not applicable","{'1 - 100': 'continuous numerical range', 'Missing': 'Not applicable'}"
4,263,HTPHP_NG,Num,8,Pct heated by natural gas heat pump,"1 - 100
Missing=Not applicable","{'1 - 100': 'continuous numerical range', 'Missing': 'Not applicable'}"
4,264,SLFCNP_NG,Num,8,Pct heated by natural gas space heater,"1 - 100
Missing=Not applicable","{'1 - 100': 'continuous numerical range', 'Missing': 'Not applicable'}"
4,265,FIREPLP_NG,Num,8,Pct heated by natural gas fireplace,"1 - 100
Missing=Not applicable","{'1 - 100': 'continuous numerical range', 'Missing': 'Not applicable'}"
4,266,OTHTP_NG,Num,8,Pct heated by other natural gas heating equipment,"1 - 100
Missing=Not applicable","{'1 - 100': 'continuous numerical range', 'Missing': 'Not applicable'}"
4,267,FURNP_FK,Num,8,Pct heated by fuel oil furnace,"1 - 100
Missing=Not applicable","{'1 - 100': 'continuous numerical range', 'Missing': 'Not applicable'}"
4,268,BOILP_FK,Num,8,Pct heated by fuel oil boiler,"1 - 100
Missing=Not applicable","{'1 - 100': 'continuous numerical range', 'Missing': 'Not applicable'}"
4,269,SLFCNP_FK,Num,8,Pct heated by fuel oil space heater,"1 - 100
Missing=Not applicable","{'1 - 100': 'continuous numerical range', 'Missing': 'Not applicable'}"
4,270,OTHTP_FK,Num,8,Pct heated by other fuel oil heating equipment,"1 - 100
Missing=Not applicable","{'1 - 100': 'continuous numerical range', 'Missing': 'Not applicable'}"
4,271,FURNP_PR,Num,8,Pct heated by propane furnace,"1 - 100
Missing=Not applicable","{'1 - 100': 'continuous numerical range', 'Missing': 'Not applicable'}"
4,272,PKGHP_PR,Num,8,Pct heated by propane packaged unit,"1 - 100
Missing=Not applicable","{'1 - 100': 'continuous numerical range', 'Missing': 'Not applicable'}"
4,273,BOILP_PR,Num,8,Pct heated by propane boiler,"1 - 100
Missing=Not applicable","{'1 - 100': 'continuous numerical range', 'Missing': 'Not applicable'}"
4,274,HTPHP_PR,Num,8,Pct heated by propane heat pump,"1 - 100
Missing=Not applicable","{'1 - 100': 'continuous numerical range', 'Missing': 'Not applicable'}"
4,275,SLFCNP_PR,Num,8,Pct heated by propane space heater,"1 - 100
Missing=Not applicable","{'1 - 100': 'continuous numerical range', 'Missing': 'Not applicable'}"
4,276,FIREPLP_PR,Num,8,Pct heated by propane fireplace,"1 - 100
Missing=Not applicable","{'1 - 100': 'continuous numerical range', 'Missing': 'Not applicable'}"
4,277,OTHTP_PR,Num,8,Pct heated by propane heating equipment,"1 - 100
Missing=Not applicable","{'1 - 100': 'continuous numerical range', 'Missing': 'Not applicable'}"
4,278,STHWP_ST,Num,8,Pct heated by district steam heating system,"1 - 100
Missing=Not applicable","{'1 - 100': 'continuous numerical range', 'Missing': 'Not applicable'}"
4,279,STHWP_HW,Num,8,Pct heated by district hot water heating system,"1 - 100
Missing=Not applicable","{'1 - 100': 'continuous numerical range', 'Missing': 'Not applicable'}"
4,280,FURNP_WO,Num,8,Pct heated by wood furnace,"1 - 100
Missing=Not applicable","{'1 - 100': 'continuous numerical range', 'Missing': 'Not applicable'}"
4,281,SLFCNP_WO,Num,8,Pct heated by wood space heater,"1 - 100
Missing=Not applicable","{'1 - 100': 'continuous numerical range', 'Missing': 'Not applicable'}"
4,282,FIREPLP_WO,Num,8,Pct heated by wood fireplace,"1 - 100
Missing=Not applicable","{'1 - 100': 'continuous numerical range', 'Missing': 'Not applicable'}"
4,283,OTHTP_WO,Num,8,Pct heated by other wood heating equipment,"1 - 100
Missing=Not applicable","{'1 - 100': 'continuous numerical range', 'Missing': 'Not applicable'}"
4,284,FURNP_CO,Num,8,Pct heated by coal furnace,"1 - 100
Missing=Not applicable","{'1 - 100': 'continuous numerical range', 'Missing': 'Not applicable'}"
4,285,BOILP_CO,Num,8,Pct heated by coal boiler,"1 - 100
Missing=Not applicable","{'1 - 100': 'continuous numerical range', 'Missing': 'Not applicable'}"
4,286,OTHTP_CO,Num,8,Pct heated by other coal heating equipment,"1 - 100
Missing=Not applicable","{'1 - 100': 'continuous numerical range', 'Missing': 'Not applicable'}"
4,287,SOTHERMP_SO,Num,8,Pct heated by solar thermal heating,"1 - 100
Missing=Not applicable","{'1 - 100': 'continuous numerical range', 'Missing': 'Not applicable'}"
4,288,FURNP_OT,Num,8,Pct heated by other source furnace,"1 - 100
Missing=Not applicable","{'1 - 100': 'continuous numerical range', 'Missing': 'Not applicable'}"
4,289,PKGHP_OT,Num,8,Pct heated by other source packaged unit,"1 - 100
Missing=Not applicable","{'1 - 100': 'continuous numerical range', 'Missing': 'Not applicable'}"
4,290,BOILP_OT,Num,8,Pct heated by other source boiler,"1 - 100
Missing=Not applicable","{'1 - 100': 'continuous numerical range', 'Missing': 'Not applicable'}"
4,291,SLFCNP_OT,Num,8,Pct heated by other source space heater,"1 - 100
Missing=Not applicable","{'1 - 100': 'continuous numerical range', 'Missing': 'Not applicable'}"
4,292,OTHTP_OT,Num,8,Pct heated by other source other heating equipment,"1 - 100
Missing=Not applicable","{'1 - 100': 'continuous numerical range', 'Missing': 'Not applicable'}"
4,293,MAINHT,Num,8,Main heating equipment,"1=Electric furnace
2=Electric packaged unit
3=Electric boiler
4=Electric heat pump
5=Electric space heater
6=Electric fireplace
7=Electric duct reheat
8=Other electric heating equipment
9=Natural gas furnace
10=Natural gas packaged unit
11=Natural gas boiler
12=Natural gas heat pump
13=Natural gas space heater
14=Natural gas fireplace
15=Other natural gas heating equipment
16=Fuel oil furnace
17=Fuel oil boiler
18=Fuel oil space heater
19=Other fuel oil heating equipment
20=Propane furnace
21=Propane packaged unit
22=Propane boiler
23=Propane heat pump
24=Propane space heater
25=Propane fireplace
26=Other propane heating equipment
27=District steam heating system
28=District hot water heating system
29=Wood furnace
30=Wood space heater
31=Wood fireplace
32=Other wood heating equipment
33=Coal furnace
34=Coal boiler
35=Other coal heating equipment
36=Solar thermal heating
37=Other source furnace
38=Other source packaged unit
39=Other source boiler
40=Other source space heater
41=Other source fireplace
42=Other source other heating equipment","{'1': 'Electric furnace', '2': 'Electric packaged unit', '3': 'Electric boiler', '4': 'Electric heat pump', '5': 'Electric space heater', '6': 'Electric fireplace', '7': 'Electric duct reheat', '8': 'Other electric heating equipment', '9': 'Natural gas furnace', '10': 'Natural gas packaged unit', '11': 'Natural gas boiler', '12': 'Natural gas heat pump', '13': 'Natural gas space heater', '14': 'Natural gas fireplace', '15': 'Other natural gas heating equipment', '16': 'Fuel oil furnace', '17': 'Fuel oil boiler', '18': 'Fuel oil space heater', '19': 'Other fuel oil heating equipment', '20': 'Propane furnace', '21': 'Propane packaged unit', '22': 'Propane boiler', '23': 'Propane heat pump', '24': 'Propane space heater', '25': 'Propane fireplace', '26': 'Other propane heating equipment', '27': 'District steam heating system', '28': 'District hot water heating system', '29': 'Wood furnace', '30': 'Wood space heater', '31': 'Wood fireplace', '32': 'Other wood heating equipment', '33': 'Coal furnace', '34': 'Coal boiler', '35': 'Other coal heating equipment', '36': 'Solar thermal heating', '37': 'Other source furnace', '38': 'Other source packaged unit', '39': 'Other source boiler', '40': 'Other source space heater', '41': 'Other source fireplace', '42': 'Other source other heating equipment'}"
4,294,NWMNHT,Num,8,Main heating replaced,"1=Yes
2=No
Missing=Not applicable","{'1': 'Yes', '2': 'No', 'Missing': 'Not applicable'}"
4,295,COOLP,Num,8,Percent cooled,"1 - 100
Missing=Not applicable","{'1 - 100': 'continuous numerical range', 'Missing': 'Not applicable'}"
4,296,ELCOOL,Num,8,Electricity used for air conditioning,"1=Yes
2=No","{'1': 'Yes', '2': 'No'}"
4,297,NGCOOL,Num,8,Natural gas used for air conditioning,"1=Yes
2=No","{'1': 'Yes', '2': 'No'}"
4,298,FKCOOL,Num,8,Fuel oil used for air conditioning,"1=Yes
2=No","{'1': 'Yes', '2': 'No'}"
4,299,PRCOOL,Num,8,Propane used for air conditioning,"1=Yes
2=No","{'1': 'Yes', '2': 'No'}"
4,300,STCOOL,Num,8,District steam used for air conditioning,"1=Yes
2=No","{'1': 'Yes', '2': 'No'}"
4,301,CWCOOL,Num,8,District chilled water used for air conditioning,"1=Yes
2=No","{'1': 'Yes', '2': 'No'}"
4,302,OTCOOL,Num,8,Other energy source used for air conditioning,"1=Yes
2=No","{'1': 'Yes', '2': 'No'}"
4,303,RCAC,Num,8,Residential-type split system used for cooling,"1=Yes
2=No
Missing=Not applicable","{'1': 'Yes', '2': 'No', 'Missing': 'Not applicable'}"
4,304,PKGCL,Num,8,Packaged central units used for cooling,"1=Yes
2=No
Missing=Not applicable","{'1': 'Yes', '2': 'No', 'Missing': 'Not applicable'}"
4,305,CHILLR,Num,8,Central chillers used for cooling,"1=Yes
2=No
Missing=Not applicable","{'1': 'Yes', '2': 'No', 'Missing': 'Not applicable'}"
4,306,HTPMPC,Num,8,Heat pumps used for cooling,"1=Yes
2=No
Missing=Not applicable","{'1': 'Yes', '2': 'No', 'Missing': 'Not applicable'}"
4,307,ACWNWL,Num,8,Individual room or portable A/C used for cooling,"1=Yes
2=No
Missing=Not applicable","{'1': 'Yes', '2': 'No', 'Missing': 'Not applicable'}"
4,308,EVAPCL,Num,8,Swamp or evaporative A/C used for cooling,"1=Yes
2=No
Missing=Not applicable","{'1': 'Yes', '2': 'No', 'Missing': 'Not applicable'}"
4,309,OTCLEQ,Num,8,Other type of equipment used for cooling,"1=Yes
2=No
Missing=Not applicable","{'1': 'Yes', '2': 'No', 'Missing': 'Not applicable'}"
4,310,CHWT,Num,8,District chilled water system used for cooling,"1=Yes
2=No
Missing=Not applicable","{'1': 'Yes', '2': 'No', 'Missing': 'Not applicable'}"
4,311,RCAC_EL,Num,8,Residential-type split system electric A/C,"1=Yes
2=No
Missing=Not applicable","{'1': 'Yes', '2': 'No', 'Missing': 'Not applicable'}"
4,312,PKGCL_EL,Num,8,Packaged electric A/C units (rooftop units),"1=Yes
2=No
Missing=Not applicable","{'1': 'Yes', '2': 'No', 'Missing': 'Not applicable'}"
4,313,CHILLR_EL,Num,8,Central chillers powered by electricity,"1=Yes
2=No
Missing=Not applicable","{'1': 'Yes', '2': 'No', 'Missing': 'Not applicable'}"
4,314,HTPMPC_EL,Num,8,Heat pumps for A/C (electric),"1=Yes
2=No
Missing=Not applicable","{'1': 'Yes', '2': 'No', 'Missing': 'Not applicable'}"
4,315,ACWNWL_EL,Num,8,Individual room or portable A/C (electric),"1=Yes
2=No
Missing=Not applicable","{'1': 'Yes', '2': 'No', 'Missing': 'Not applicable'}"
4,316,EVAPCL_EL,Num,8,Swamp or evaporative A/C (electric),"1=Yes
2=No
Missing=Not applicable","{'1': 'Yes', '2': 'No', 'Missing': 'Not applicable'}"
4,317,OTCLEQ_EL,Num,8,Other type of A/C powered by electricity,"1=Yes
2=No
Missing=Not applicable","{'1': 'Yes', '2': 'No', 'Missing': 'Not applicable'}"
4,318,HPCPTHP,Num,8,Heat pumps (for A/C) are PTHPs,"1=Yes
2=No
3=Heat pumps are both PTHP and split-system
Missing=Not applicable","{'1': 'Yes', '2': 'No', '3': 'Heat pumps are both PTHP and split-system', 'Missing': 'Not applicable'}"
4,319,HPCAIR,Num,8,Air source heat pump for A/C,"1=Yes
2=No
Missing=Not applicable","{'1': 'Yes', '2': 'No', 'Missing': 'Not applicable'}"
4,320,HPCGRD,Num,8,Geothermal heat pump for A/C,"1=Yes
2=No
Missing=Not applicable","{'1': 'Yes', '2': 'No', 'Missing': 'Not applicable'}"
4,321,HPCDUAL,Num,8,Combination air source and geothermal heat pump for A/C,"1=Yes
2=No
Missing=Not applicable","{'1': 'Yes', '2': 'No', 'Missing': 'Not applicable'}"
4,322,HPCWTR,Num,8,Water loop heat pump for A/C,"1=Yes
2=No
Missing=Not applicable","{'1': 'Yes', '2': 'No', 'Missing': 'Not applicable'}"
4,323,ACVRF,Num,8,VRF system,"1=Yes
2=No
5=Don't know","{'1': 'Yes', '2': 'No', '5': 'Dont know'}"
4,324,RMACPTHP,Num,8,Individual A/Cs are PTHPs,"1=Yes
2=No
3=Individual air conditioners are both PTHP and other types
5=Don't know
Missing=Not applicable","{'1': 'Yes', '2': 'No', '3': 'Individual air conditioners are both PTHP and other types', '5': 'Dont know', 'Missing': 'Not applicable'}"
4,325,CHILLR_NG,Num,8,Central chillers fueled by natural gas,"1=Yes
2=No
Missing=Not applicable","{'1': 'Yes', '2': 'No', 'Missing': 'Not applicable'}"
4,326,OTCLEQ_NG,Num,8,Other type of A/C fueled by natural gas,"1=Yes
2=No
Missing=Not applicable","{'1': 'Yes', '2': 'No', 'Missing': 'Not applicable'}"
4,327,CHILLR_FK,Num,8,Central chillers fueled by fuel oil,"1=Yes
2=No
Missing=Not applicable","{'1': 'Yes', '2': 'No', 'Missing': 'Not applicable'}"
4,328,OTCLEQ_FK,Num,8,Other type of A/C fueled by fuel oil,"1=Yes
2=No
Missing=Not applicable","{'1': 'Yes', '2': 'No', 'Missing': 'Not applicable'}"
4,329,CHILLR_PR,Num,8,Central chillers fueled by propane,"1=Yes
2=No
Missing=Not applicable","{'1': 'Yes', '2': 'No', 'Missing': 'Not applicable'}"
4,330,OTCLEQ_PR,Num,8,Other type of A/C fueled by propane,"1=Yes
2=No
Missing=Not applicable","{'1': 'Yes', '2': 'No', 'Missing': 'Not applicable'}"
4,331,CHILLR_ST,Num,8,Central chillers fueled by district steam,"1=Yes
2=No
Missing=Not applicable","{'1': 'Yes', '2': 'No', 'Missing': 'Not applicable'}"
4,332,OTCLEQ_ST,Num,8,Other type of A/C fueled by district steam,"1=Yes
2=No
Missing=Not applicable","{'1': 'Yes', '2': 'No', 'Missing': 'Not applicable'}"
4,333,OTCLEQ_OT,Num,8,Other type of A/C powered by other source,"1=Yes
2=No
Missing=Not applicable","{'1': 'Yes', '2': 'No', 'Missing': 'Not applicable'}"
4,334,DIST_CW,Num,8,District chilled water system,"1=Yes
2=No
Missing=Not applicable","{'1': 'Yes', '2': 'No', 'Missing': 'Not applicable'}"
4,335,CWAIR,Num,8,Central air handlers for chilled water distribution,"1=Yes
2=No
Missing=Not applicable","{'1': 'Yes', '2': 'No', 'Missing': 'Not applicable'}"
4,336,CWFNCL,Num,8,Fan coil or induction units for chilled water distribution,"1=Yes
2=No
Missing=Not applicable","{'1': 'Yes', '2': 'No', 'Missing': 'Not applicable'}"
4,337,CWBEAM,Num,8,Chilled beam for chilled water distribution,"1=Yes
2=No
Missing=Not applicable","{'1': 'Yes', '2': 'No', 'Missing': 'Not applicable'}"
4,338,CWWTLP,Num,8,Water loop heat pump for chilled water distribution,"1=Yes
2=No
Missing=Not applicable","{'1': 'Yes', '2': 'No', 'Missing': 'Not applicable'}"
4,339,CWOTD,Num,8,Other type of chilled water distribution,"1=Yes
2=No
Missing=Not applicable","{'1': 'Yes', '2': 'No', 'Missing': 'Not applicable'}"
4,340,CHLAIR,Num,8,Central air handlers for central chiller distribution,"1=Yes
2=No
Missing=Not applicable","{'1': 'Yes', '2': 'No', 'Missing': 'Not applicable'}"
4,341,CHLFNCL,Num,8,Fan coil or induction units for central chiller distribution,"1=Yes
2=No
Missing=Not applicable","{'1': 'Yes', '2': 'No', 'Missing': 'Not applicable'}"
4,342,CHLBEAM,Num,8,Chilled beam for central chiller distribution,"1=Yes
2=No
Missing=Not applicable","{'1': 'Yes', '2': 'No', 'Missing': 'Not applicable'}"
4,343,CHLWTLP,Num,8,Water loop heat pump for central chiller distribution,"1=Yes
2=No
Missing=Not applicable","{'1': 'Yes', '2': 'No', 'Missing': 'Not applicable'}"
4,344,CHLOTD,Num,8,Other type of central chiller distribution,"1=Yes
2=No
Missing=Not applicable","{'1': 'Yes', '2': 'No', 'Missing': 'Not applicable'}"
4,345,CHLAIRCL,Num,8,Air-cooled central chiller,"1=Yes
2=No
Missing=Not applicable","{'1': 'Yes', '2': 'No', 'Missing': 'Not applicable'}"
4,346,CHLWTRCL,Num,8,Water-cooled central chiller,"1=Yes
2=No
Missing=Not applicable","{'1': 'Yes', '2': 'No', 'Missing': 'Not applicable'}"
4,347,CHLABSRP,Num,8,Absorption central chiller,"1=Yes
2=No
Missing=Not applicable","{'1': 'Yes', '2': 'No', 'Missing': 'Not applicable'}"
4,348,RCACP_EL,Num,8,Pct cooled by electric residential-type split system  A/C,"1 - 100
Missing=Not applicable","{'1 - 100': 'continuous numerical range', 'Missing': 'Not applicable'}"
4,349,PKGCP_EL,Num,8,Pct cooled by electric packaged A/C units,"1 - 100
Missing=Not applicable","{'1 - 100': 'continuous numerical range', 'Missing': 'Not applicable'}"
4,350,CHILP_EL,Num,8,Pct cooled by electric central chillers,"1 - 100
Missing=Not applicable","{'1 - 100': 'continuous numerical range', 'Missing': 'Not applicable'}"
4,351,HTPCP_EL,Num,8,Pct cooled by electric heat pumps,"1 - 100
Missing=Not applicable","{'1 - 100': 'continuous numerical range', 'Missing': 'Not applicable'}"
4,352,ACWNWP_EL,Num,8,Pct cooled by electric individual A/C,"1 - 100
Missing=Not applicable","{'1 - 100': 'continuous numerical range', 'Missing': 'Not applicable'}"
4,353,EVAPP_EL,Num,8,Pct cooled by electric swamp coolers,"1 - 100
Missing=Not applicable","{'1 - 100': 'continuous numerical range', 'Missing': 'Not applicable'}"
4,354,OTCLP_EL,Num,8,Pct cooled by electric other type of A/C,"1 - 100
Missing=Not applicable","{'1 - 100': 'continuous numerical range', 'Missing': 'Not applicable'}"
4,355,CHILP_NG,Num,8,Pct cooled by natural gas central chillers,"1 - 100
Missing=Not applicable","{'1 - 100': 'continuous numerical range', 'Missing': 'Not applicable'}"
4,356,OTCLP_NG,Num,8,Pct cooled by natural gas other type of A/C,"1 - 100
Missing=Not applicable","{'1 - 100': 'continuous numerical range', 'Missing': 'Not applicable'}"
4,357,CHILP_FK,Num,8,Pct cooled by fuel oil central chillers,"1 - 100
Missing=Not applicable","{'1 - 100': 'continuous numerical range', 'Missing': 'Not applicable'}"
4,358,OTCLP_FK,Num,8,Pct cooled by fuel oil other type of A/C,"1 - 100
Missing=Not applicable","{'1 - 100': 'continuous numerical range', 'Missing': 'Not applicable'}"
4,359,CHILP_PR,Num,8,Pct cooled by propane central chillers,"1 - 100
Missing=Not applicable","{'1 - 100': 'continuous numerical range', 'Missing': 'Not applicable'}"
4,360,OTCLP_PR,Num,8,Pct cooled by propane other type of A/C,"1 - 100
Missing=Not applicable","{'1 - 100': 'continuous numerical range', 'Missing': 'Not applicable'}"
4,361,CHILP_ST,Num,8,Pct cooled by district steam central chillers,"1 - 100
Missing=Not applicable","{'1 - 100': 'continuous numerical range', 'Missing': 'Not applicable'}"
4,362,OTCLP_ST,Num,8,Pct cooled by district steam other type of A/C,"1 - 100
Missing=Not applicable","{'1 - 100': 'continuous numerical range', 'Missing': 'Not applicable'}"
4,363,CHWTP_CW,Num,8,Pct cooled by district chilled water system,"1 - 100
Missing=Not applicable","{'1 - 100': 'continuous numerical range', 'Missing': 'Not applicable'}"
4,364,OTCLP_OT,Num,8,Pct cooled by other source A/C equipment,"1 - 100
Missing=Not applicable","{'1 - 100': 'continuous numerical range', 'Missing': 'Not applicable'}"
4,365,MAINCL,Num,8,Main air-conditioning equipment,"1=Residential-type split system
2=Packaged unit
3=Electric chiller
4=Heat pump
5=Individual air conditioner
6=Swamp cooler
7=Other electric air conditioning equipment
8=Natural gas chiller
9=Other natural gas air conditioning equipment
10=Fuel oil/diesel/kerosene chiller
11=Other fuel oil/diesel/kerosene air conditioning equipment
12=Propane chiller
13=Other propane air conditioning equipment
14=Steam chiller
15=Other steam air conditioning equipment
16=District chilled water system
17=Other source air conditioning equipment
Missing=Not applicable","{'1': 'Residential-type split system', '2': 'Packaged unit', '3': 'Electric chiller', '4': 'Heat pump', '5': 'Individual air conditioner', '6': 'Swamp cooler', '7': 'Other electric air conditioning equipment', '8': 'Natural gas chiller', '9': 'Other natural gas air conditioning equipment', '10': 'Fuel oil/diesel/kerosene chiller', '11': 'Other fuel oil/diesel/kerosene air conditioning equipment', '12': 'Propane chiller', '13': 'Other propane air conditioning equipment', '14': 'Steam chiller', '15': 'Other steam air conditioning equipment', '16': 'District chilled water system', '17': 'Other source air conditioning equipment', 'Missing': 'Not applicable'}"
4,366,NWMNCL,Num,8,Main cooling replaced,"1=Yes
2=No
Missing=Not applicable","{'1': 'Yes', '2': 'No', 'Missing': 'Not applicable'}"
4,367,EMCS,Num,8,Building automation system (BAS),"1=Yes
2=No
Missing=Not applicable","{'1': 'Yes', '2': 'No', 'Missing': 'Not applicable'}"
4,368,EMCSHT,Num,8,BAS controls heating,"1=Yes
2=No
Missing=Not applicable","{'1': 'Yes', '2': 'No', 'Missing': 'Not applicable'}"
4,369,EMCSCL,Num,8,BAS controls A/C,"1=Yes
2=No
Missing=Not applicable","{'1': 'Yes', '2': 'No', 'Missing': 'Not applicable'}"
4,370,EMCSLT,Num,8,BAS controls lighting,"1=Yes
2=No
Missing=Not applicable","{'1': 'Yes', '2': 'No', 'Missing': 'Not applicable'}"
4,371,SMRTTHRM,Num,8,Smart thermostats,"1=Yes
2=No
Missing=Not applicable","{'1': 'Yes', '2': 'No', 'Missing': 'Not applicable'}"
4,372,HWRDHT,Num,8,How reduce heating,"1=Setting a programmable thermostat to automatically change the temperature
2=Manually adjusting the temperature setting
3=Turning the equipment on or off
4=None of these methods
Missing=Not applicable","{'1': 'Setting a programmable thermostat to automatically change the temperature', '2': 'Manually adjusting the temperature setting', '3': 'Turning the equipment on or off', '4': 'None of these methods', 'Missing': 'Not applicable'}"
4,373,HWRDCL,Num,8,How reduce A/C,"1=Setting a programmable thermostat to automatically change the temperature
2=Manually adjusting the temperature setting
3=Turning the equipment on or off
4=None of these methods
Missing=Not applicable","{'1': 'Setting a programmable thermostat to automatically change the temperature', '2': 'Manually adjusting the temperature setting', '3': 'Turning the equipment on or off', '4': 'None of these methods', 'Missing': 'Not applicable'}"
4,374,VAV,Num,8,Variable air volume (VAV) system,"1=Yes
2=No
Missing=Not applicable","{'1': 'Yes', '2': 'No', 'Missing': 'Not applicable'}"
4,375,DOAS,Num,8,Dedicated outside air system (DOAS),"1=Yes
2=No
Missing=Not applicable","{'1': 'Yes', '2': 'No', 'Missing': 'Not applicable'}"
4,376,DCV,Num,8,Demand controlled ventilation (DCV),"1=Yes
2=No
Missing=Not applicable","{'1': 'Yes', '2': 'No', 'Missing': 'Not applicable'}"
4,377,ECN,Num,8,Economizer cycle,"1=Yes
2=No
Missing=Not applicable","{'1': 'Yes', '2': 'No', 'Missing': 'Not applicable'}"
4,378,MAINT,Num,8,Regular HVAC maintenance,"1=Yes
2=No
Missing=Not applicable","{'1': 'Yes', '2': 'No', 'Missing': 'Not applicable'}"
4,379,ELWATR,Num,8,Electricity used for water heating,"1=Yes
2=No","{'1': 'Yes', '2': 'No'}"
4,380,NGWATR,Num,8,Natural gas used for water heating,"1=Yes
2=No","{'1': 'Yes', '2': 'No'}"
4,381,FKWATR,Num,8,Fuel oil used for water heating,"1=Yes
2=No","{'1': 'Yes', '2': 'No'}"
4,382,PRWATR,Num,8,Propane used for water heating,"1=Yes
2=No","{'1': 'Yes', '2': 'No'}"
4,383,STWATR,Num,8,District steam used for water heating,"1=Yes
2=No","{'1': 'Yes', '2': 'No'}"
4,384,HWWATR,Num,8,District hot water used for water heating,"1=Yes
2=No","{'1': 'Yes', '2': 'No'}"
4,385,WOWATR,Num,8,Wood used for water heating,"1=Yes
2=No","{'1': 'Yes', '2': 'No'}"
4,386,COWATR,Num,8,Coal used for water heating,"1=Yes
2=No","{'1': 'Yes', '2': 'No'}"
4,387,SOWATR,Num,8,Solar thermal used for water heating,"1=Yes
2=No","{'1': 'Yes', '2': 'No'}"
4,388,OTWATR,Num,8,Other energy source used for water heating,"1=Yes
2=No","{'1': 'Yes', '2': 'No'}"
4,389,WTHTEQ,Num,8,Water heating equipment,"1=Centralized water heaters
2=""Point-of-use"" water heaters
3=Both types
Missing=Not applicable","{'1': 'Centralized water heaters', '2': '""Point-of-use"" water heaters', '3': 'Both types', 'Missing': 'Not applicable'}"
4,390,BOOSTWT,Num,8,Booster water heaters,"1=Yes
2=No
Missing=Not applicable","{'1': 'Yes', '2': 'No', 'Missing': 'Not applicable'}"
4,391,ELCOOK,Num,8,Electricity used for cooking,"1=Yes
2=No","{'1': 'Yes', '2': 'No'}"
4,392,NGCOOK,Num,8,Natural gas used for cooking,"1=Yes
2=No","{'1': 'Yes', '2': 'No'}"
4,393,FKCOOK,Num,8,Fuel oil used for cooking,"1=Yes
2=No","{'1': 'Yes', '2': 'No'}"
4,394,PRCOOK,Num,8,Propane used for cooking,"1=Yes
2=No","{'1': 'Yes', '2': 'No'}"
4,395,STCOOK,Num,8,District steam used for cooking,"1=Yes
2=No","{'1': 'Yes', '2': 'No'}"
4,396,HWCOOK,Num,8,District hot water used for cooking,"1=Yes
2=No","{'1': 'Yes', '2': 'No'}"
4,397,WOCOOK,Num,8,Wood used for cooking,"1=Yes
2=No","{'1': 'Yes', '2': 'No'}"
4,398,COCOOK,Num,8,Coal used for cooking,"1=Yes
2=No","{'1': 'Yes', '2': 'No'}"
4,399,OTCOOK,Num,8,Other energy source used for cooking,"1=Yes
2=No","{'1': 'Yes', '2': 'No'}"
4,400,ELMANU,Num,8,Electricity used for manufacturing,"1=Yes
2=No","{'1': 'Yes', '2': 'No'}"
4,401,NGMANU,Num,8,Natural gas used for manufacturing,"1=Yes
2=No","{'1': 'Yes', '2': 'No'}"
4,402,FKMANU,Num,8,Fuel oil used for manufacturing,"1=Yes
2=No","{'1': 'Yes', '2': 'No'}"
4,403,PRMANU,Num,8,Propane used for manufacturing,"1=Yes
2=No","{'1': 'Yes', '2': 'No'}"
4,404,STMANU,Num,8,District steam used for manufacturing,"1=Yes
2=No","{'1': 'Yes', '2': 'No'}"
4,405,HWMANU,Num,8,District hot water used for manufacturing,"1=Yes
2=No","{'1': 'Yes', '2': 'No'}"
4,406,WOMANU,Num,8,Wood used for manufacturing,"1=Yes
2=No","{'1': 'Yes', '2': 'No'}"
4,407,COMANU,Num,8,Coal used for manufacturing,"1=Yes
2=No","{'1': 'Yes', '2': 'No'}"
4,408,OTMANU,Num,8,Other energy source used for manufacturing,"1=Yes
2=No","{'1': 'Yes', '2': 'No'}"
4,409,CAPGEN,Num,8,Electricity generation capability,"1=Yes
2=No","{'1': 'Yes', '2': 'No'}"
4,410,PVC,Num,8,Solar panels used to generate electricity,"1=Yes
2=No
Missing=Not applicable","{'1': 'Yes', '2': 'No', 'Missing': 'Not applicable'}"
4,411,ENGINE,Num,8,Reciprocating engine generator,"1=Yes
2=No
Missing=Not applicable","{'1': 'Yes', '2': 'No', 'Missing': 'Not applicable'}"
4,412,FUELCL,Num,8,Fuel cells,"1=Yes
2=No
Missing=Not applicable","{'1': 'Yes', '2': 'No', 'Missing': 'Not applicable'}"
4,413,LRGTRB,Num,8,Large turbines,"1=Yes
2=No
Missing=Not applicable","{'1': 'Yes', '2': 'No', 'Missing': 'Not applicable'}"
4,414,MCROTB,Num,8,Microturbines,"1=Yes
2=No
Missing=Not applicable","{'1': 'Yes', '2': 'No', 'Missing': 'Not applicable'}"
4,415,OTGENTECH,Num,8,Other type of generation technology,"1=Yes
2=No
Missing=Not applicable","{'1': 'Yes', '2': 'No', 'Missing': 'Not applicable'}"
4,416,COGEN,Num,8,Cogeneration system,"1=Yes
2=No
Missing=Not applicable","{'1': 'Yes', '2': 'No', 'Missing': 'Not applicable'}"
4,417,NGGENR,Num,8,Natural gas used for electricity generation,"1=Yes
2=No","{'1': 'Yes', '2': 'No'}"
4,418,FKGENR,Num,8,Fuel oil used for electricity generation,"1=Yes
2=No","{'1': 'Yes', '2': 'No'}"
4,419,PRGENR,Num,8,Propane used for electricity generation,"1=Yes
2=No","{'1': 'Yes', '2': 'No'}"
4,420,WOGENR,Num,8,Wood used for electricity generation,"1=Yes
2=No","{'1': 'Yes', '2': 'No'}"
4,421,COGENR,Num,8,Coal used for electricity generation,"1=Yes
2=No","{'1': 'Yes', '2': 'No'}"
4,422,SOGENR,Num,8,Solar used for electricity generation,"1=Yes
2=No","{'1': 'Yes', '2': 'No'}"
4,423,OTGENR,Num,8,Other energy source used for electricity generation,"1=Yes
2=No","{'1': 'Yes', '2': 'No'}"
4,424,GENUSE,Num,8,Use of generated electricity,"1=Primarily for emergency backup or testing
2=During periods of high electricity demand
3=Whenever electricity was used
Missing=Not applicable","{'1': 'Primarily for emergency backup or testing', '2': 'During periods of high electricity demand', '3': 'Whenever electricity was used', 'Missing': 'Not applicable'}"
4,425,GENGT1MW,Num,8,1MW generator capacity,"1=Yes
2=No
5=Don't know
Missing=Not applicable","{'1': 'Yes', '2': 'No', '5': 'Dont know', 'Missing': 'Not applicable'}"
4,426,NGDRY,Num,8,Natural gas clothes dryers,"1=Yes
2=No
5=Don't know
Missing=Not applicable","{'1': 'Yes', '2': 'No', '5': 'Dont know', 'Missing': 'Not applicable'}"
4,427,NGOTH,Num,8,Natural gas used for some other use,"1=Yes
2=No","{'1': 'Yes', '2': 'No'}"
4,428,FKOTH,Num,8,Fuel oil used for some other use,"1=Yes
2=No","{'1': 'Yes', '2': 'No'}"
4,429,PROTH,Num,8,Propane used for some other use,"1=Yes
2=No","{'1': 'Yes', '2': 'No'}"
4,430,STOTH,Num,8,District steam used for some other use,"1=Yes
2=No","{'1': 'Yes', '2': 'No'}"
4,431,HWOTH,Num,8,District hot water used for some other use,"1=Yes
2=No","{'1': 'Yes', '2': 'No'}"
4,432,CWOTH,Num,8,District chilled water used for some other use,"1=Yes
2=No","{'1': 'Yes', '2': 'No'}"
4,433,WOOTH,Num,8,Wood used for some other use,"1=Yes
2=No","{'1': 'Yes', '2': 'No'}"
4,434,COOTH,Num,8,Coal used for some other use,"1=Yes
2=No","{'1': 'Yes', '2': 'No'}"
4,435,SOOTH,Num,8,Solar used for some other use,"1=Yes
2=No","{'1': 'Yes', '2': 'No'}"
4,436,OTOTH,Num,8,Other energy source used for some other use,"1=Yes
2=No","{'1': 'Yes', '2': 'No'}"
4,437,PRAMTC,Num,8,Propane amount,"1=Less than 100
2=100 to 499
3=500 to 999
4=1,000 or more
Missing=Not applicable","{'1': 'Less than 100', '2': '100 to 499', '3': '500 to 999', '4': '1,000 or more', 'Missing': 'Not applicable'}"
4,438,PRUNIT,Num,8,Propane units,"1=Gallons
2=Pounds
Missing=Not applicable","{'1': 'Gallons', '2': 'Pounds', 'Missing': 'Not applicable'}"
4,439,WOAMT,Num,8,Amount wood burned,"1=Less than 1 cord
2=1 to 9 cords
3=10 to 20 cords
4=More than 20 cords
Missing=Not applicable","{'1': 'Less than 1 cord', '2': '1 to 9 cords', '3': '10 to 20 cords', '4': 'More than 20 cords', 'Missing': 'Not applicable'}"
4,440,WOSRC,Num,8,How obtain wood,"1=Purchased all the wood
2=Obtained it all free of charge
3=Some purchased and some free
Missing=Not applicable","{'1': 'Purchased all the wood', '2': 'Obtained it all free of charge', '3': 'Some purchased and some free', 'Missing': 'Not applicable'}"
4,441,WOEXP,Num,8,Expenditures for wood,"50 - 12,155
Missing=Not applicable","{'50 - 12,155': 'continuous numerical range', 'Missing': 'Not applicable'}"
4,442,WOEXPC,Num,8,Wood expenditures category,"1=1 to 100
2=101 to 500
3=501 to 1,000
4=1,001 to 2,000
5=Over 2,000
Missing=Not applicable","{'1': '1 to 100', '2': '101 to 500', '3': '501 to 1,000', '4': '1,001 to 2,000', '5': 'Over 2,000', 'Missing': 'Not applicable'}"
5,443,ENRGYPLN,Num,8,Energy management plan,"1=Yes
2=No
Missing=Not applicable","{'1': 'Yes', '2': 'No', 'Missing': 'Not applicable'}"
6,444,SNACK,Num,8,"Snack bar, concession stand, coffee shop,  breakfast area","1=Yes
2=No
Missing=Not applicable","{'1': 'Yes', '2': 'No', 'Missing': 'Not applicable'}"
6,445,FASTFD,Num,8,Fast food or small restaurant,"1=Yes
2=No
Missing=Not applicable","{'1': 'Yes', '2': 'No', 'Missing': 'Not applicable'}"
6,446,CAF,Num,8,Cafeteria or large restaurant,"1=Yes
2=No
Missing=Not applicable","{'1': 'Yes', '2': 'No', 'Missing': 'Not applicable'}"
6,447,FDPREP,Num,8,"Large kitchen, commercial kitchen, other large food prep area","1=Yes
2=No
Missing=Not applicable","{'1': 'Yes', '2': 'No', 'Missing': 'Not applicable'}"
6,448,KITCHN,Num,8,Small kitchen area,"1=Yes
2=No
Missing=Not applicable","{'1': 'Yes', '2': 'No', 'Missing': 'Not applicable'}"
6,449,BREAKRM,Num,8,"Employee lounge, break room, vending, pantry","1=Yes
2=No
Missing=Not applicable","{'1': 'Yes', '2': 'No', 'Missing': 'Not applicable'}"
6,450,OTFDRM,Num,8,Other type of food preparation or serving area,"1=Yes
2=No
Missing=Not applicable","{'1': 'Yes', '2': 'No', 'Missing': 'Not applicable'}"
6,451,SNACKSF,Num,8,Snack bar square footage,"50 - 90,000
Missing=Not applicable","{'50 - 90,000': 'continuous numerical range', 'Missing': 'Not applicable'}"
6,452,FASTFDSF,Num,8,Fast food square footage,"10 - 100,000
Missing=Not applicable","{'10 - 100,000': 'continuous numerical range', 'Missing': 'Not applicable'}"
6,453,CAFSF,Num,8,Cafeteria square footage,"270 - 108,000
Missing=Not applicable","{'270 - 108,000': 'continuous numerical range', 'Missing': 'Not applicable'}"
6,454,FDPREPSF,Num,8,Commercial kitchen square footage,"50 - 180,000
Missing=Not applicable","{'50 - 180,000': 'continuous numerical range', 'Missing': 'Not applicable'}"
6,455,HWTRM,Num,8,Large amounts of hot water,"1=Yes
2=No
Missing=Not applicable","{'1': 'Yes', '2': 'No', 'Missing': 'Not applicable'}"
6,456,LAUNDR,Num,8,Laundry onsite,"1=In this building
2=In another building on-site
3=By an off-site laundry service
Missing=Not applicable","{'1': 'In this building', '2': 'In another building on-site', '3': 'By an off-site laundry service', 'Missing': 'Not applicable'}"
6,457,CONFSP,Num,8,Conference or event space,"1=Yes
2=No
Missing=Not applicable","{'1': 'Yes', '2': 'No', 'Missing': 'Not applicable'}"
6,458,CONFSPP,Num,8,Percent conference or event space,"1 - 100
Missing=Not applicable","{'1 - 100': 'continuous numerical range', 'Missing': 'Not applicable'}"
6,459,MEDEQP,Num,8,Medical equipment,"1=Yes
2=No
Missing=Not applicable","{'1': 'Yes', '2': 'No', 'Missing': 'Not applicable'}"
6,460,XRAYN,Num,8,Number of X-ray machines,"0 - 20
995=More than 20
Missing=Not applicable","{'0 - 20': 'continuous numerical range', '995': 'More than 20', 'Missing': 'Not applicable'}"
6,461,CTSCAN,Num,8,CT scan machines,"1=Yes
2=No
Missing=Not applicable","{'1': 'Yes', '2': 'No', 'Missing': 'Not applicable'}"
6,462,MRI,Num,8,MRI machines,"1=Yes
2=No
Missing=Not applicable","{'1': 'Yes', '2': 'No', 'Missing': 'Not applicable'}"
6,463,LINACC,Num,8,Linear accelerators,"1=Yes
2=No
Missing=Not applicable","{'1': 'Yes', '2': 'No', 'Missing': 'Not applicable'}"
6,464,OUTSURG,Num,8,Outpatient surgery,"1=Yes
2=No
Missing=Not applicable","{'1': 'Yes', '2': 'No', 'Missing': 'Not applicable'}"
6,465,OUTHOSPPCT,Num,8,Percent of outpatient space in hospital,"1=0-20%
2=21-40%
3=41% or more
Missing=Not applicable","{'1': '0-20%', '2': '21-40%', '3': '41% or more', 'Missing': 'Not applicable'}"
6,466,LABEQP,Num,8,Laboratory equipment,"1=Yes
2=No
Missing=Not applicable","{'1': 'Yes', '2': 'No', 'Missing': 'Not applicable'}"
6,467,MCHEQP,Num,8,Machine equipment,"1=Yes
2=No
Missing=Not applicable","{'1': 'Yes', '2': 'No', 'Missing': 'Not applicable'}"
6,468,POOL,Num,8,Indoor pool,"1=Yes
2=No
Missing=Not applicable","{'1': 'Yes', '2': 'No', 'Missing': 'Not applicable'}"
6,469,HTPOOL,Num,8,Heated pool,"1=Yes
2=No
Missing=Not applicable","{'1': 'Yes', '2': 'No', 'Missing': 'Not applicable'}"
6,470,POOLSRC,Num,8,Pool energy source,"1=Electricity
2=Natural gas
3=Fuel oil/Diesel/Kerosene
4=Propane
5=Solar
6=Some other energy source
Missing=Not applicable","{'1': 'Electricity', '2': 'Natural gas', '3': 'Fuel oil/Diesel/Kerosene', '4': 'Propane', '5': 'Solar', '6': 'Some other energy source', 'Missing': 'Not applicable'}"
6,471,STRLZR,Num,8,Sterilizers or autoclaves,"1=Yes
2=No
Missing=Not applicable","{'1': 'Yes', '2': 'No', 'Missing': 'Not applicable'}"
6,472,RFGEQP,Num,8,Any refrigeration,"1=Yes
2=No
Missing=Not applicable","{'1': 'Yes', '2': 'No', 'Missing': 'Not applicable'}"
6,473,RFGRES,Num,8,Full-size residential type refrigerators/freezers,"1=Yes
2=No
Missing=Not applicable","{'1': 'Yes', '2': 'No', 'Missing': 'Not applicable'}"
6,474,RFGCOMP,Num,8,Half-size/compact refrigerators/freezers,"1=Yes
2=No
Missing=Not applicable","{'1': 'Yes', '2': 'No', 'Missing': 'Not applicable'}"
6,475,RFGWI,Num,8,Walk-in refrigerators/freezers,"1=Yes
2=No
Missing=Not applicable","{'1': 'Yes', '2': 'No', 'Missing': 'Not applicable'}"
6,476,RFGOP,Num,8,Open refrigerator/freezer cases or cabinets,"1=Yes
2=No
Missing=Not applicable","{'1': 'Yes', '2': 'No', 'Missing': 'Not applicable'}"
6,477,RFGCL,Num,8,Closed refrigerator/freezer cases or cabinets,"1=Yes
2=No
Missing=Not applicable","{'1': 'Yes', '2': 'No', 'Missing': 'Not applicable'}"
6,478,RFGVEN,Num,8,Refrigerated vending machines,"1=Yes
2=No
Missing=Not applicable","{'1': 'Yes', '2': 'No', 'Missing': 'Not applicable'}"
6,479,RFGICE,Num,8,Commercial ice makers,"1=Yes
2=No
Missing=Not applicable","{'1': 'Yes', '2': 'No', 'Missing': 'Not applicable'}"
6,480,RFGSTO,Num,8,Large cold storage areas,"1=Yes
2=No
Missing=Not applicable","{'1': 'Yes', '2': 'No', 'Missing': 'Not applicable'}"
6,481,RFGRSN,Num,8,Number of residential refrigerators,"1 - 1,000
99995=More than 1,000
Missing=Not applicable","{'1 - 1,000': 'continuous numerical range', '99995': 'More than 1,000', 'Missing': 'Not applicable'}"
6,482,RFGCOMPN,Num,8,Number of compact refrigerators,"1 - 1,000
9995=More than 1,000
Missing=Not applicable","{'1 - 1,000': 'continuous numerical range', '9995': 'More than 1,000', 'Missing': 'Not applicable'}"
6,483,RFGWIN,Num,8,Number of walk-in units,"1 - 22
Missing=Not applicable","{'1 - 22': 'continuous numerical range', 'Missing': 'Not applicable'}"
6,484,RFGOPN,Num,8,Number of open refrigerated cases,"1 - 54
Missing=Not applicable","{'1 - 54': 'continuous numerical range', 'Missing': 'Not applicable'}"
6,485,RFGCLN,Num,8,Number of closed refrigerated cases,"1 - 107
Missing=Not applicable","{'1 - 107': 'continuous numerical range', 'Missing': 'Not applicable'}"
6,486,RFGVNN,Num,8,Number of vending machines,"1 - 50
Missing=Not applicable","{'1 - 50': 'continuous numerical range', 'Missing': 'Not applicable'}"
6,487,RFGICN,Num,8,Number of commercial ice makers,"1 - 100
Missing=Not applicable","{'1 - 100': 'continuous numerical range', 'Missing': 'Not applicable'}"
6,488,RFGSTP,Num,8,Percent cold storage,"1 - 97
Missing=Not appplicable","{'1 - 97': 'continuous numerical range', 'Missing': 'Not appplicable'}"
6,489,WHRECOV,Num,8,Waste heat recovery,"1=Yes
2=No
Missing=Not applicable","{'1': 'Yes', '2': 'No', 'Missing': 'Not applicable'}"
6,490,WHHT2,Num,8,Waste heat used for space heating,"1=Yes
2=No
Missing=Not applicable","{'1': 'Yes', '2': 'No', 'Missing': 'Not applicable'}"
6,491,WHWT,Num,8,Waste heat used for water heating,"1=Yes
2=No
Missing=Not applicable","{'1': 'Yes', '2': 'No', 'Missing': 'Not applicable'}"
6,492,WHOT,Num,8,Waste heat used for some other use,"1=Yes
2=No
Missing=Not applicable","{'1': 'Yes', '2': 'No', 'Missing': 'Not applicable'}"
6,493,PCTERM,Num,8,Desktop computers,"1=Yes
2=No
Missing=Not applicable","{'1': 'Yes', '2': 'No', 'Missing': 'Not applicable'}"
6,494,LAPTOP,Num,8,Laptops,"1=Yes
2=No
Missing=Not applicable","{'1': 'Yes', '2': 'No', 'Missing': 'Not applicable'}"
6,495,TABLET,Num,8,Tablets,"1=Yes
2=No
Missing=Not applicable","{'1': 'Yes', '2': 'No', 'Missing': 'Not applicable'}"
6,496,SERVER,Num,8,Servers,"1=Yes
2=No
Missing=Not applicable","{'1': 'Yes', '2': 'No', 'Missing': 'Not applicable'}"
6,497,PCTERMN,Num,8,Number of desktop computers,"1 - 3,615
Missing=Not applicable","{'1 - 3,615': 'continuous numerical range', 'Missing': 'Not applicable'}"
6,498,PCTRMC,Num,8,Desktop computers category,"1=1 to 4
2=5 to 9
3=10 to 19
4=20 to 49
5=50 to 99
6=100 to 249
7=250 to 499
8=500 to 999
9=1,000 to 2,499
10=2,500 or more
Missing=Not applicable","{'1': '1 to 4', '2': '5 to 9', '3': '10 to 19', '4': '20 to 49', '5': '50 to 99', '6': '100 to 249', '7': '250 to 499', '8': '500 to 999', '9': '1,000 to 2,499', '10': '2,500 or more', 'Missing': 'Not applicable'}"
6,499,LAPTPN,Num,8,Number of laptops,"1 - 1,480
Missing=Not applicable","{'1 - 1,480': 'continuous numerical range', 'Missing': 'Not applicable'}"
6,500,LAPTPC,Num,8,Number of laptops category,"1=1 to 4
2=5 to 9
3=10 to 19
4=20 to 49
5=50 to 99
6=100 to 249
7=250 to 499
8=500 to 999
9=1,000 or more
Missing=Not applicable","{'1': '1 to 4', '2': '5 to 9', '3': '10 to 19', '4': '20 to 49', '5': '50 to 99', '6': '100 to 249', '7': '250 to 499', '8': '500 to 999', '9': '1,000 or more', 'Missing': 'Not applicable'}"
6,501,MLTMON,Num,8,Multiple monitors,"1=Yes
2=No
Missing=Not applicable","{'1': 'Yes', '2': 'No', 'Missing': 'Not applicable'}"
6,502,MLTMNC,Num,8,Multiple monitor category,"1=All
2=Most
3=Some
4=A few
Missing=Not applicable","{'1': 'All', '2': 'Most', '3': 'Some', '4': 'A few', 'Missing': 'Not applicable'}"
6,503,TABCHRG,Num,8,Tablets charged in building,"1=Yes
2=No
Missing=Not applicable","{'1': 'Yes', '2': 'No', 'Missing': 'Not applicable'}"
6,504,TABLETN,Num,8,Number of tablets,"1 - 1,410
Missing=Not applicable","{'1 - 1,410': 'continuous numerical range', 'Missing': 'Not applicable'}"
6,505,SRVUNIT,Num,8,Server units,"1=Servers
2=Server racks
Missing=Not applicable","{'1': 'Servers', '2': 'Server racks', 'Missing': 'Not applicable'}"
6,506,SERVERN,Num,8,Number of servers or racks,"1 - 500
9995=More than 500
Missing=Not applicable","{'1 - 500': 'continuous numerical range', '9995': 'More than 500', 'Missing': 'Not applicable'}"
6,507,SERVERC,Num,8,Number of servers or racks category,"1=1 to 4
2=5 to 24
3=25 to 499
4=500 or more
Missing=Not applicable","{'1': '1 to 4', '2': '5 to 24', '3': '25 to 499', '4': '500 or more', 'Missing': 'Not applicable'}"
6,508,SRVRCLST,Num,8,Server closet,"1=Yes
2=No
Missing=Not applicable","{'1': 'Yes', '2': 'No', 'Missing': 'Not applicable'}"
6,509,DATACNTR,Num,8,Data center,"1=Yes
2=No
Missing=Not applicable","{'1': 'Yes', '2': 'No', 'Missing': 'Not applicable'}"
6,510,DCNTRSFC,Num,8,Data center sqft category,"1=500 square feet or less
2=501 - 1,500 square feet
3=1,501 - 3,000 square feet
4=3,001 - 10,000 square feet
5=More than 10,000 square feet
Missing=Not applicable","{'1': '500 square feet or less', '2': '501 - 1,500 square feet', '3': '1,501 - 3,000 square feet', '4': '3,001 - 10,000 square feet', '5': 'More than 10,000 square feet', 'Missing': 'Not applicable'}"
6,511,TRNGRM,Num,8,Computer-based training room,"1=Yes
2=No
Missing=Not applicable","{'1': 'Yes', '2': 'No', 'Missing': 'Not applicable'}"
6,512,STDNRM,Num,8,Student or public computer center,"1=Yes
2=No
Missing=Not applicable","{'1': 'Yes', '2': 'No', 'Missing': 'Not applicable'}"
6,513,LGOFFDEV,Num,8,Large floor-standing office devices,"1=Yes
2=No
Missing=Not applicable","{'1': 'Yes', '2': 'No', 'Missing': 'Not applicable'}"
6,514,SMOFFDEV,Num,8,Smaller desktop office devices,"1=Yes
2=No
Missing=Not applicable","{'1': 'Yes', '2': 'No', 'Missing': 'Not applicable'}"
6,515,WBOARDS,Num,8,Interactive whiteboards,"1=Yes
2=No
Missing=Not applicable","{'1': 'Yes', '2': 'No', 'Missing': 'Not applicable'}"
6,516,TVVIDEO,Num,8,Televisions or video displays,"1=Yes
2=No
Missing=Not applicable","{'1': 'Yes', '2': 'No', 'Missing': 'Not applicable'}"
6,517,RGSTR,Num,8,Point-of-sales devices or cash register,"1=Yes
2=No
Missing=Not applicable","{'1': 'Yes', '2': 'No', 'Missing': 'Not applicable'}"
6,518,LGOFFDEVN,Num,8,Number of large office devices,"1-500
9995=More than 500
Missing=Not applicable","{'1-500': 'continuous numerical range', '9995': 'More than 500', 'Missing': 'Not applicable'}"
6,519,SMOFFDEVN,Num,8,Number of small office devices,"1-500
9995=More than 500
Missing=Not applicable","{'1-500': 'continuous numerical range', '9995': 'More than 500', 'Missing': 'Not applicable'}"
6,520,WBOARDSN,Num,8,Number of interactive whiteboards,"1 - 200
9995=More than 200
Missing=Not applicable","{'1 - 200': 'continuous numerical range', '9995': 'More than 200', 'Missing': 'Not applicable'}"
6,521,TVVIDEON,Num,8,Number of TV or video displays,"1 - 200
995=More than 200
Missing=Not applicable","{'1 - 200': 'continuous numerical range', '995': 'More than 200', 'Missing': 'Not applicable'}"
6,522,RGSTRN,Num,8,Number of point-of-sales or cash registers,"1 - 600
Missing=Not applicable","{'1 - 600': 'continuous numerical range', 'Missing': 'Not applicable'}"
6,523,ATMN,Num,8,Number of ATMs,"0 - 2
3=3 or more
Missing=Not applicable","{'0 - 2': 'continuous numerical range', '3': '3 or more', 'Missing': 'Not applicable'}"
7,524,LTZHRP,Num,8,Percent lit no hours,"0 - 100
Missing=Not applicable","{'0 - 100': 'continuous numerical range', 'Missing': 'Not applicable'}"
7,525,LZHRPC,Num,8,Lit no hours category,"1=1 to 25 percent
2=26 to 50 percent
3=51 to 75 percent
4=76 to 100 percent
5=Not lit at all
Missing=Not applicable","{'1': '1 to 25 percent', '2': '26 to 50 percent', '3': '51 to 75 percent', '4': '76 to 100 percent', '5': 'Not lit at all', 'Missing': 'Not applicable'}"
7,526,LTOHRP,Num,8,Percent lit when open,"0 - 100
Missing=Not applicable","{'0 - 100': 'continuous numerical range', 'Missing': 'Not applicable'}"
7,527,LOHRPC,Num,8,Lit when open category,"1=1 to 25 percent
2=26 to 50 percent
3=51 to 75 percent
4=76 to 100 percent
5=Not lit at all
Missing=Not applicable","{'1': '1 to 25 percent', '2': '26 to 50 percent', '3': '51 to 75 percent', '4': '76 to 100 percent', '5': 'Not lit at all', 'Missing': 'Not applicable'}"
7,528,LTNR24,Num,8,Lights off during 24 hours,"1=Yes
2=No
Missing=Not applicable","{'1': 'Yes', '2': 'No', 'Missing': 'Not applicable'}"
7,529,LTNHRP,Num,8,Percent lit off hours,"0 - 100
Missing=Not applicable","{'0 - 100': 'continuous numerical range', 'Missing': 'Not applicable'}"
7,530,LNHRPC,Num,8,Lit off hours category,"1=1 to 25 percent
2=26 to 50 percent
3=51 to 75 percent
4=76 to 100 percent
5=Not lit at all during off hours
Missing=Not applicable","{'1': '1 to 25 percent', '2': '26 to 50 percent', '3': '51 to 75 percent', '4': '76 to 100 percent', '5': 'Not lit at all during off hours', 'Missing': 'Not applicable'}"
7,531,LIT,Num,8,Lighting used in building,"1=Yes
2=No","{'1': 'Yes', '2': 'No'}"
7,532,FLUOR,Num,8,Fluorescent lighting,"1=Yes
2=No
Missing=Not applicable","{'1': 'Yes', '2': 'No', 'Missing': 'Not applicable'}"
7,533,CFLR,Num,8,Compact fluorescent (CFL) bulbs,"1=Yes
2=No
Missing=Not applicable","{'1': 'Yes', '2': 'No', 'Missing': 'Not applicable'}"
7,534,BULB,Num,8,Incandescent light bulbs,"1=Yes
2=No
Missing=Not applicable","{'1': 'Yes', '2': 'No', 'Missing': 'Not applicable'}"
7,535,HALO,Num,8,Halogen bulbs,"1=Yes
2=No
Missing=Not applicable","{'1': 'Yes', '2': 'No', 'Missing': 'Not applicable'}"
7,536,HID,Num,8,High intensity discharge (HID) lighting,"1=Yes
2=No
Missing=Not applicable","{'1': 'Yes', '2': 'No', 'Missing': 'Not applicable'}"
7,537,LED,Num,8,LED lighting,"1=Yes
2=No
Missing=Not applicable","{'1': 'Yes', '2': 'No', 'Missing': 'Not applicable'}"
7,538,OTLT,Num,8,Other type of lighting,"1=Yes
2=No
Missing=Not applicable","{'1': 'Yes', '2': 'No', 'Missing': 'Not applicable'}"
7,539,FLUORP,Num,8,Percent lit by fluorescent,"0 - 100
Missing=Not applicable","{'0 - 100': 'continuous numerical range', 'Missing': 'Not applicable'}"
7,540,CFLRP,Num,8,Percent lit by compact fluorescent,"0 - 100
Missing=Not applicable","{'0 - 100': 'continuous numerical range', 'Missing': 'Not applicable'}"
7,541,BULBP,Num,8,Percent lit by incandescent,"0 - 100
Missing=Not applicable","{'0 - 100': 'continuous numerical range', 'Missing': 'Not applicable'}"
7,542,HALOP,Num,8,Percent lit by halogen,"0 - 100
Missing=Not applicable","{'0 - 100': 'continuous numerical range', 'Missing': 'Not applicable'}"
7,543,HIDP,Num,8,Percent lit by HID,"0 - 100
Missing=Not applicable","{'0 - 100': 'continuous numerical range', 'Missing': 'Not applicable'}"
7,544,LEDP,Num,8,Percent lit by LED,"0 - 100
Missing=Not applicable","{'0 - 100': 'continuous numerical range', 'Missing': 'Not applicable'}"
7,545,OTLTP,Num,8,Percent lit by other lighting,"0 - 100
Missing=Not applicable","{'0 - 100': 'continuous numerical range', 'Missing': 'Not applicable'}"
7,546,SCHED,Num,8,Light scheduling,"1=Yes
2=No
Missing=Not applicable","{'1': 'Yes', '2': 'No', 'Missing': 'Not applicable'}"
7,547,OCSN,Num,8,Occupancy sensors,"1=Yes
2=No
Missing=Not applicable","{'1': 'Yes', '2': 'No', 'Missing': 'Not applicable'}"
7,548,DIM,Num,8,Multi-level lighting or dimming,"1=Yes
2=No
Missing=Not applicable","{'1': 'Yes', '2': 'No', 'Missing': 'Not applicable'}"
7,549,DAYHARV,Num,8,Daylight harvesting,"1=Yes
2=No
Missing=Not applicable","{'1': 'Yes', '2': 'No', 'Missing': 'Not applicable'}"
7,550,TRIM,Num,8,High-end trimming or light-level tuning,"1=Yes
2=No
Missing=Not applicable","{'1': 'Yes', '2': 'No', 'Missing': 'Not applicable'}"
7,551,PLGCTRL,Num,8,Plug load control,"1=Yes
2=No
Missing=Not applicable","{'1': 'Yes', '2': 'No', 'Missing': 'Not applicable'}"
7,552,DRLGHT,Num,8,Demand responsive lighting,"1=Yes
2=No
Missing=Not applicable","{'1': 'Yes', '2': 'No', 'Missing': 'Not applicable'}"
7,553,LTEXPC,Num,8,Percent of exterior lighted,"1=Less than 10 percent
2=10 to 25 percent
3=25 to 50 percent
4=More than 50 percent
Missing=Not applicable","{'1': 'Less than 10 percent', '2': '10 to 25 percent', '3': '25 to 50 percent', '4': 'More than 50 percent', 'Missing': 'Not applicable'}"
7,554,PKLT,Num,8,Lighted parking area,"1=Yes
2=No
Missing=Not applicable","{'1': 'Yes', '2': 'No', 'Missing': 'Not applicable'}"
7,555,PKLTINOUT,Num,8,Indoor or outdoor lighted parking,"1=Part of the building (indoor)
2=Separate parking (lot or garage)
3=Both types of parking areas
Missing=Not applicable","{'1': 'Part of the building (indoor)', '2': 'Separate parking (lot or garage)', '3': 'Both types of parking areas', 'Missing': 'Not applicable'}"
7,556,PKLTN,Num,8,Vehicle parking capacity,"6 - 12000
5=1 to 5
Missing=Not applicable","{'6 - 12000': 'continuous numerical range', '5': '1 to 5', 'Missing': 'Not applicable'}"
7,557,WINTYP,Num,8,Window glass type,"1=Single-layer glass
2=Multi-layer glass
3=Combination of both
4=No windows","{'1': 'Single-layer glass', '2': 'Multi-layer glass', '3': 'Combination of both', '4': 'No windows'}"
7,558,TINT,Num,8,Tinted window glass,"1=Yes
2=No
Missing=Not applicable","{'1': 'Yes', '2': 'No', 'Missing': 'Not applicable'}"
7,559,REFL,Num,8,Reflective window glass,"1=Yes
2=No
Missing=Not applicable","{'1': 'Yes', '2': 'No', 'Missing': 'Not applicable'}"
7,560,AWN,Num,8,External overhangs or awnings,"1=Yes
2=No
Missing=Not applicable","{'1': 'Yes', '2': 'No', 'Missing': 'Not applicable'}"
7,561,SKYLT,Num,8,Skylights or atriums designed to provide light,"1=Yes
2=No
Missing=Not applicable","{'1': 'Yes', '2': 'No', 'Missing': 'Not applicable'}"
7,562,DAYLTP,Num,8,Percent daylight,"0 - 100
Missing=Not applicable","{'0 - 100': 'continuous numerical range', 'Missing': 'Not applicable'}"
