"STATION","NAME","LATITUDE","LONGITUDE","ELEVATION","DATE","AWND","CDSD","CLDD","DP01","DP10","DSND","DSNW","DT00","DT32","DX32","DX70","DX90","EMNT","EMSD","EMSN","EMXP","EMXT","HDSD","HN01","HN02","HTDD","HX01","HX02","LN01","LN02","LX01","LX02","MN01","MN02","MX01","MX02","PRCP","SNOW","TAVG","TMAX","TMIN","WDF2","WDF5","WDFG","WDMV","WSF2","WSF5","WSFG"
"USC00201802","CORNELL 5 SE, MI US","45.8269","-87.1589","242.0","2009",,"153","153","       102","        59","       95","        12","        36","       174","        76","       105","         1","-14","16","5.0","1.60","93","8687",,,"8687",,,,,,,,,,,"23.76","36.2","41.5","52.3","30.7",,,,,,,
"USC00203429","GREENVILLE 2 NNE, MI US","43.2026","-85.2421","270.7","2009",,"277","277","       149","        81","       76","        21","        17","       173","        66","       128","         4","-15","11","5.2","2.38","96","7599",,,"7599",,,,,,,,,,,"37.57","71.5","44.9","56.8","33.1",,,,,,,
"USC00200718","BERGLAND DAM, MI US","46.5869","-89.5475","396.2","2009",,,,,,,"        55",,,,,,,,"12.6",,,,,,,,,,,,,,,,,,"182.8",,,,,,,,,,
"USC00200032","ADRIAN 2 NNE, MI US","41.91636","-84.01635","231.6","2009",,"364","364","       123","        88","       48","         8","        10","       137","        64","       124","         4","-16","9","4.5","2.00","92","6680",,,"6680",,,,,,,,,,,"38.98","24.7","47.0","56.8","37.2",,,,,,,
"USC00201486","CHATHAM EXPERIMENT FARM 2, MI US","46.3414","-86.9242","265.2","2009",,"114","114","       177","        76","      121","        49","        42","       194","        85","        94","         1","-26","30","22.0","2.35","91","9387",,,"9387",,,,,,,,,,,"34.68","167.4","39.5","50.5","28.6",,,,,,,
"USC00203306","GRAND LEDGE 1 NW, MI US","42.7621","-84.7617","244.1","2009",,,,"       143","        76","       71","        18",,,,,,,"12","4.0","1.77",,,,,,,,,,,,,,,,"37.51","43.2",,,,,,,,,,
"USC00200710","BENTON HARBOR AIRPORT, MI US","42.1245","-86.4266","190.5","2009",,,,,,,"        39",,,,,,,,"10.0",,,"6115",,,"6115",,,,,,,,,,,,"118.0",,,,,,,,,,
"USC00205603","MORENCI, MI US","41.7216","-84.2147","234.7","2009",,"414","414","       133","        76","       50","        12","         8","       147","        49","       138","         5","-18","11","6.0","2.67","95",,,,,,,,,,,,,,,"36.72","31.8","47.4","58.6","36.2",,,,,,,
"US1MIAP0001","ALPENA 1.6 SSW, MI US","45.051565","-83.44876","178.9","2009",,,,,,,,,,,,,,,,,,,,,,,,,,,,,,,,"31.21",,,,,,,,,,,
"USC00208443","VASSAR, MI US","43.3656","-83.5828","192.0","2009",,"255","255","       140","        71","       75","        15","        16","       163","        62","       120","         2","-20","13","6.2","1.83","93","7584",,,"7584",,,,,,,,,,,"32.95","42.2","45.3","56.3","34.2",,,,,,,
"USC00208202","TIPTON 2 WNW, MI US","42.0283","-84.1108","295.7","2009",,,,,,"       68","        16",,,,,,,"12","5.6",,,"6700",,,"6700",,,,,,,,,,,,"43.6",,,,,,,,,,
"USW00014853","DETROIT WILLOW RUN AIRPORT, MI US","42.23666","-83.52638","215.7","2009",,"427","427","       139","        65",,,"        12","       140","        57","       127","         4","-17",,,"1.34","94","6994",,,"6994",,,,,,,,,,,"32.34",,"47.6","57.7","37.5",,,,,,,
"USC00201250","CARLETON 2 W, MI US","42.0636","-83.4358","191.1","2009",,"359","359",,,,,"        12","       138","        61","       124","         4","-20",,,,"93",,,,,,,,,,,,,,,,,"47.2","57.0","37.4",,,,,,,
"USC00201492","CHEBOYGAN, MI US","45.65225","-84.47239","177.4","2009",,,,,,,,,,,,,,,,,,"8339",,,"8339",,,,,,,,,,,,,,,,,,,,,,
"USC00207350","SANDUSKY, MI US","43.4194","-82.8191","235.9","2009",,"241","241","       133","        76","       52","        10","         8","       148","        66","       100","         1","-8","9","3.0","1.80","90","7635",,,"7635",,,,,,,,,,,"33.87","19.2","45.1","54.0","36.2",,,,,,,
"US1MIBN0003","BUCHANAN 1.4 ESE, MI US","41.818287","-86.342251","231.3","2009",,,,"       172","        83",,,,,,,,,,,"2.10",,,,,,,,,,,,,,,,"40.84",,,,,,,,,,,
"USW00014858","HANCOCK HOUGHTON CO AIRPORT, MI US","47.16594","-88.48076","323.9","2009","9.4","91","91","       124","        52",,,"        28","       185","        95","        70","         2","-20",,,"2.02","90","9655",,,"9655",,,,,,,,,,,"23.28",,"39.0","47.5","30.6","       280","       290",,,"48.1","62.0",
"USC00208680","WATERSMEET, MI US","46.2778","-89.1742","484.6","2009",,,,,,,,,,,,,,,,,,,,,,,,,,,,,,,,,,,,,,,,,,,
"USC00205050","MANCHESTER, MI US","42.1508","-84.0236","294.1","2009",,,,"       137","        77","       66","        16",,,"        44","       128","         4",,"11","5.8","1.21","94",,,,,,,,,,,,,,,"33.89","45.8",,"58.0",,,,,,,,
"USW00014850","TRAVERSE CITY CHERRY CAPITAL AIRPORT, MI US","44.73895","-85.5679","185.2","2009","5.8","238","238","       152","        61",,,"        11","       158","        70","       108","         2","-9",,,"1.65","95","7614",,,"7614",,,,,,,,,,,"26.13",,"44.4","53.6","35.2","       300","       260",,,"33.1","48.1",
"US1MIBR0003","MIDDLEVILLE 4.3 SSE, MI US","42.653203","-85.440492","238.4","2009",,,,"       140","        87",,,,,,,,,,,"2.45",,,,,,,,,,,,,,,,"45.63",,,,,,,,,,,
"USC00201818","CORUNNA 2 NE, MI US","42.9986","-84.0744","232.3","2009",,,,"       143","        65","       67","        18",,,,,,,"10","3.5","3.41",,,,,,,,,,,,,,,,"36.95","39.6",,,,,,,,,,
"USR0000MELK","ELKHORN MICHIGAN, MI US","45.9536","-86.4053","219.5","2009",,,,,,,,,,,,,,,,,,"8823",,,"8823",,,,,,,,,,,,,,,,,,,,,,
"USW00094871","BENTON HARBOR, MI US","42.12894","-86.41518","195.4","2009","7.4","333","333","       165","        85",,,"         9","       135","        55","       116","         2","-17",,,"2.88","93","6750",,,"6750",,,,,,,,,,,"36.85",,"47.5","56.7","38.3","       260","       260",,,"40.0","55.0",
"USC00200842","BLISSFIELD 1 NNE, MI US","41.84","-83.8608","210.3","2009",,"341","341","       140","        75","       50","        10","        19","       148","        61","       125","         4","-20","9","4.5","2.50","92","7039",,,"7039",,,,,,,,,,,"35.62","23.0","46.5","56.9","36.1",,,,,,,
"USC00201017","BROOKLYN 2 ENE, MI US","42.1128","-84.2097","304.8","2009",,,,,,,,,,,,,,,,,,,,,,,,,,,,,,,,,,,,,,,,,,,
"USC00205065","MANISTEE 3 SE, MI US","44.2113","-86.2938","204.2","2009",,"263","263","       145","        95",,,"         3","       139","        59","       105","         2","-3",,,"1.81","92",,,,,,,,,,,,,,,"40.42",,"46.0","54.6","37.4",,,,,,,
"USC00206158","OLD MISSION 3 SSW, MI US","44.9215","-85.5161","199.9","2009",,,,,,,,,,,,,,,,,,,,,,,,,,,,,,,,,,,,,,,,,,,
"USC00207364","SAULT STE MARIE, MI US","46.4866","-84.4089","192.0","2009",,"114","114","       169","        86","      133","        33","        48","       186","        89","        79","         0","-25","26","7.5","1.27","89","9623",,,"9623",,,,,,,,,,,"30.66","100.7","39.2","49.3","29.1",,,,,,,
"US1MIMR0004","MONROE 3.0 S, MI US","41.872635","-83.380939","182.3","2009",,,,"       127","        74",,,,,,,,,,,"2.17",,,,,,,,,,,,,,,,"35.05",,,,,,,,,,,
"USC00204090","IRON MTN KINGSFORD WWTP, MI US","45.7858","-88.0841","326.4","2009",,"190","190","       119","        59","      105","        24","        50","       182","        80","       107","         2","-24","20","10.5","1.42","93",,,,,,,,,,,,,,,"26.54","64.4","40.9","52.0","29.8",,,,,,,
"USC00203529","HALE LOUD DAM, MI US","44.4633","-83.7216","221.9","2009",,,,,,,,,,"        71","        99","         1",,,,,"94",,,,,,,,,,,,,,,"32.20",,,"53.5",,,,,,,,
"USC00203769","HESPERIA 4 WNW, MI US","43.5908","-86.1056","237.7","2009",,"253","253","       129","        81","       97","        17","        14","       170","        61","       118","         2","-14","28","9.9","1.96","96","7623",,,"7623",,,,,,,,,,,"40.35","71.4","44.9","55.9","33.9",,,,,,,
"USW00014826","FLINT FCWOS, MI US","42.96684","-83.74996","234.8","2009","8.1","324","324","       144","        64","       68","        17","        12","       147","        63","       111","         2","-19","11","3.2","3.89","91","7256",,,"7256",,,,,,,,,,,"35.44","47.1","46.3","56.0","36.6","       240","       270",,,"36.0","51.0",
"USC00200497","BARAGA 7 NW, MI US","46.8208","-88.6064","198.7","2009",,,,,,,,,,,,,,,,,,,,,,,,,,,,,,,,,,,,,,,,,,,
"USW00014828","GLADWIN, MI US","43.9758","-84.4908","236.2","2009",,"211","211","       127","        68","       89","        18","        17","       168","        65","       113","         2","-11","16","7.0","1.75","95","7833",,,"7833",,,,,,,,,,,"33.52","38.9","44.2","55.3","33.2",,,,,,,
"USC00201343","CASEVILLE, MI US","43.9416","-83.2669","181.4","2009",,"324","324","       119","        79","       58","        16","        11","       129","        64","       114","         2","-11","20","7.0","1.71","93","7121",,,"7121",,,,,,,,,,,"34.51","39.4","46.2","54.9","37.5",,,,,,,
"USC00201468","CHARLEVOIX, MI US","45.3172","-85.2672","180.7","2009",,"202","202","       159","        83","      113","        36","        11","       139","        72","        82","         1","-8","25","13.0","2.03","90","7809",,,"7809",,,,,,,,,,,"30.61","132.4","44.0","51.2","36.7",,,,,,,
"USC00205822","NEWPORT 4 SSE, MI US","41.9497","-83.28","176.2","2009",,"501","501","       129","        64","       47","         9","         6","       122","        46","       130","         4","-12","15","5.8","2.08","93",,,,,,,,,,,,,,,"30.61","36.3","48.9","58.1","39.8",,,,,,,
"USC00208779","WEST BLOOMFIELD, MI US","42.5413","-83.343","271.3","2009",,,,,,"       64",,,,,,,,"12",,,,,,,,,,,,,,,,,,,,,,,,,,,,,
"USC00203096","GAYLORD, MI US","45.0332","-84.7113","401.7","2009",,"181","181",,,"      118","        37","        26","       174","        82","        90","         2","-14","19","10.8",,"94","8732",,,"8732",,,,,,,,,,,,"119.5","41.6","50.9","32.3",,,,,,,
"USC00203099","GAYLORD 9 SSW, MI US","44.90715","-84.71891","447.4","2009",,"160","160","       161","        89","      114","        38","        18","       170","        86","        87","         1","-13","20","9.1","1.44","93","8763",,,"8763",,,,,,,,,,,"35.07","130.0","41.4","50.2","32.7",,,,,,,
"USW00014833","JACKSON REYNOLDS FIELD, MI US","42.26373","-84.45644","295.9","2009","6.9","405","405","       143","        75",,,"        11","       136","        60","       126","         4","-16",,,"2.40","93","6797",,,"6797",,,,,,,,,,,"33.00",,"47.7","57.3","38.1","       310","       250",,,"38.0","61.1",
"USC00205276","MCMILLAN 2 S, MI US","46.3023","-85.6888","251.5","2009",,,,,,,,,,,,,,,,,,,,,,,,,,,,,,,,,,,,,,,,,,,
"USW00014836","LANSING CAPITAL CITY AIRPORT, MI US","42.77609","-84.59972","261.2","2009","8.1","363","363","       141","        66","       66","        17","         9","       137","        64","       119","         3","-10","10","4.4","2.12","93","7027",,,"7027",,,,,,,,,,,"38.15","44.9","47.0","56.3","37.8","       220","       230",,,"40.0","53.0",
"USW00094898","PORT HOPE, MI US","44.021772","-82.792932","180.0","2009","6.9","208","208","       151","        62",,,"         4","       123","        64","        79","         0","-6",,,"2.21","88","7284",,,"7284",,,,,,,,,,,"29.61",,"45.8","52.4","39.2","       110","       240",,,"38.0","46.1",
"US1MIOK0013","PLEASANT RIDGE 0.5 WNW, MI US","42.472465","-83.153615","200.3","2009",,,,,,,,,,,,,,,,,,,,,,,,,,,,,,,,"35.59",,,,,,,,,,,
"USC00207690","SOUTH HAVEN, MI US","42.4014","-86.2826","179.8","2009",,,,,,,,,,,,,,,,,,,,,,,,,,,,,,,,,"52.4",,,,,,,,,,
"USC00205390","MERRILL 1 N, MI US","43.4155","-83.2894","203.6","2009",,,,,,,,,,,,,,,,,,,,,,,,,,,,,,,,,,,,,,,,,,,
"USW00094899","COPPER HARBOR, MI US","47.467386","-87.875032","185.0","2009","8.9","91","91","       143","        51",,,"        12","       147","        85","        48","         0","-13",,,"1.37","88","8864",,,"8864",,,,,,,,,,,"23.83",,"40.9","47.4","34.4","       360","        50",,,"45.0","53.9",
"USC00202328","DURAND WWTP, MI US","42.9269","-83.9894","234.7","2009",,"381","381","       149","        70","       57","        10","        12","       146","        61","       121","         4","-12","13","4.5","3.49","93","7145",,,"7145",,,,,,,,,,,"38.81","32.5","46.6","56.8","36.4",,,,,,,
"USW00094893","IRON MOUNTAIN FORD AIRPORT, MI US","45.81339","-88.11292","343.2","2009","6.3","135","135","       117","        40",,,"        44","       193","        81","       108","         2","-23",,,"1.32","93","9244",,,"9244",,,,,,,,,,,"17.40",,"40.2","51.7","28.7","       310","       300",,,"36.0","47.0",
"USW00014838","MARQUETTE, MI US","46.5458","-87.3795","186.8","2009",,"182","182","       147","        64","      107","        29","        15","       137","        77","        67","         1","-6","16","10.0","1.63","91","8489",,,"8489",,,,,,,,,,,"26.63","93.9","42.4","49.0","35.8",,,,,,,
"USC00201476","CHARLOTTE, MI US","42.5499","-84.825","274.9","2009",,"284","284","       160","        85",,"        24","        10","       149","        62","       118","         3","-14",,"4.0","1.58","93","7196",,,"7196",,,,,,,,,,,"37.29","51.1","46.1","55.8","36.3",,,,,,,
"USC00200146","ALMA, MI US","43.38686","-84.64818","221.9","2009",,"312","312","       149","        66","       75","        10","        10","       154","        67","       116","         3","-6","7","4.5","3.40","95","7418",,,"7418",,,,,,,,,,,"34.80","27.4","45.8","55.6","36.0",,,,,,,
"USC00201238","CAPAC 2 N, MI US","43.048","-82.9238","248.4","2009",,,,,,,,,,,,,,,,,,,,,,,,,,,,,,,,,,,,,,,,,,,
"USC00202445","EAU CLAIRE 4 NE, MI US","42.0153","-86.243","256.0","2009",,"684","684","       151","        90","       71","        33","         4","       112","        51","       140","         8","-9","21","9.0","2.17","95","6113",,,"6113",,,,,,,,,,,"43.06","92.0","50.5","59.6","41.4",,,,,,,
"USC00206007","NORTHPORT 2 W, MI US","45.1322","-85.6472","227.4","2009",,"171","171","       152","        77","      117","        37","         6","       135","        76","        75","         0","-6","17","12.0","2.01","86","7488",,,"7488",,,,,,,,,,,"28.92","110.4","43.8","51.3","36.3",,,,,,,
"USR0000MSEN","SENEY MICHIGAN, MI US","46.2403","-85.9428","221.3","2009",,"113","113",,,,,"        37","       180","        80","        82","         0","-20",,,,"88","8984",,,"8984",,,,,,,,,,,,,"40.7","50.8","30.6",,,,,,,
"USC00204502","LAKE CITY EXPERIMENTAL FARM, MI US","44.3088","-85.205","374.9","2009",,"153","153","       159","        78","      112","        34","        33","       177","        72","       108","         1","-20","18","8.0","1.53","95","8512",,,"8512",,,,,,,,,,,"34.24","72.8","42.2","53.3","31.1",,,,,,,
"USC00206012","NW MICHIGAN RESEARCH FARM, MI US","44.883","-85.6752","249.9","2009",,"280","280","       154","        79","      107","        52","         4","       131","        76","        94","         2","-3","18","8.0","1.39","92","7519",,,"7519",,,,,,,,,,,"29.85","125.1","45.1","52.5","37.8",,,,,,,
"USC00207222","SAGINAW NUMBER 3, MI US","43.4122","-83.9561","182.9","2009",,,,"       126","        70","       64","         9",,,,,,,"13","4.1","2.07",,,,,,,,,,,,,,,,"34.06","29.0",,,,,,,,,,
"USW00014840","MUSKEGON CO AIRPORT, MI US","43.17111","-86.23685","190.3","2009","8.7","362","362","       150","        75","       72","        25","         5","       129","        58","       108","         1","-4","22","14.8","1.73","92","6845",,,"6845",,,,,,,,,,,"38.22","98.5","47.4","55.4","39.3","       280","       260",,,"38.9","61.1",
"US1MIJC0011","JACKSON 3.2 W, MI US","42.240611","-84.466918","304.2","2009",,,,"       159","        75",,,,,,,,,,,"2.23",,,,,,,,,,,,,,,,"34.66",,,,,,,,,,,
"USW00014841","PELLSTON REGIONAL AIRPORT, MI US","45.5644","-84.79291","215.3","2009","6.7","122","122","       135","        64",,,"        40","       196","        79","        95","         2","-28",,,"2.46","93","9171",,,"9171",,,,,,,,,,,"24.05",,"40.2","51.7","28.7","       290","       230",,,"38.9","53.9",
"USC00207225","SAGINAW 5 W, MI US","43.4172","-84.0641","179.8","2009",,,,,,,,,,,,,,,,,,,,,,,,,,,,,,,,"37.52",,,,,,,,,,,
"USC00205168","MARLETTE, MI US","43.3308","-83.0663","249.9","2009",,,,,,,,,,,,,,,,,,"7305",,,"7305",,,,,,,,,,,,,,,,,,,,,,
"USC00203661","HASTINGS, MI US","42.64208","-85.28819","250.2","2009",,"279","279","       152","        83","       75","        24","        11","       149","        64","       122","         3","-13","15","6.0","1.99","93","7205",,,"7205",,,,,,,,,,,"41.70","76.0","46.1","56.4","35.9",,,,,,,
"USC00204078","IONIA 2 SSW, MI US","42.953","-85.0777","245.4","2009",,"303","303","       139","        70","       78","        17","         9","       147","        68","       117","         3","-10","10","4.2","1.92","91","7374",,,"7374",,,,,,,,,,,"33.15","45.4","45.9","55.2","36.6",,,,,,,
"USW00014845","SAGINAW MBS INTERNATIONAL AIRPORT, MI US","43.52808","-84.08133","201.7","2009","8.7","331","331","       129","        57",,"        15","        11","       140","        65","       113","         2","-11",,"4.8","1.91","93","7277",,,"7277",,,,,,,,,,,"28.76","42.6","46.4","55.6","37.2","       260","       260",,,"38.0","52.1",
"USC00201361","CASS CITY 1 SSW, MI US","43.5861","-83.1805","212.8","2009",,"211","211","       136","        73",,"        13","        19","       164","        64","       109","         2","-20",,"4.5","1.52","91","7584",,,"7584",,,,,,,,,,,"32.67","37.4","44.6","55.1","34.1",,,,,,,
"USC00202691","FARMINGTON, MI US","42.4669","-83.3625","219.5","2009",,,,,,"       52","        11",,,,,,,"11","5.8",,,"7028",,,"7028",,,,,,,,,,,,"36.1",,,,,,,,,,
"USW00014847","SAULT STE MARIE SANDERSON FIELD, MI US","46.47998","-84.35809","219.8","2009","6.7","104","104","       166","        81","      133","        33","        28","       165","        89","        69","         0","-18","26","8.8","1.10","88","9056",,,"9056",,,,,,,,,,,"28.50","101.2","40.7","49.0","32.4","       230","       280",,,"36.9","55.9",
"USW00094889","ANN ARBOR MUNICIPAL AIRPORT, MI US","42.22393","-83.73983","250.6","2009","6.9","326","326","       161","        65",,,"        15","       149","        59","       128","         4","-19",,,"1.18","94","7102",,,"7102",,,,,,,,,,,"30.26",,"46.7","57.8","35.5","       240","       320",,,"36.9","79.0",
"USC00200758","BEULAH 7 SSW, MI US","44.5316","-86.1311","235.6","2009",,"233","233","       158","        85","      104","        25","         7","       150","        66","       112","         1","-5","21","7.2","2.20","90","7492",,,"7492",,,,,,,,,,,"34.83","88.2","44.9","53.9","35.8",,,,,,,
"USW00004847","ADRIAN LENAWEE CO AIRPORT, MI US","41.86784","-84.07946","244.1","2009","7.4","457","457","       130","        60",,,"        11","       126","        57","       129","         4","-18",,,"2.70","94","6690",,,"6690",,,,,,,,,,,"28.26",,"48.0","57.6","38.4","       260","       270",,,"36.9","51.0",
"USC00200197","AMASA 1 W, MI US","46.2347","-88.4544","448.1","2009",,"98","98","        99","        57",,"        22","        54","       193","        82","        94","         1","-32",,"7.0","1.28","90","9777",,,"9777",,,,,,,,,,,"22.95","63.9","38.0","50.0","26.0",,,,,,,
"USC00203585","HARBOR BEACH 1 SSE, MI US","43.8322","-82.6427","181.4","2009",,,,,,,,,,,,,,,,,,"7947",,,"7947",,,,,,,,,,,,,,,,,,,,,,
"USC00207820","STANDISH 4 NE, MI US","44.0126","-83.8977","187.5","2009",,"196","196","       108","        69","       68","        12","        18","       169","        68","       106","         1","-18","13","4.0","1.45","95","7832",,,"7832",,,,,,,,,,,"29.92","34.5","43.9","54.8","33.0",,,,,,,
"USC00205406","MICHIGAMME 3 WNW, MI US","46.5453","-88.18","521.2","2009",,,,"       148","        66","      155","        36",,,,,,,"22","9.5","2.29",,,,,,,,,,,,,,,,"26.61","104.4",,,,,,,,,,
"USC00202016","DEARBORN NUMBER 2, MI US","42.3469","-83.1736","184.4","2009",,"531","531","       144","        76","       52","         9","         3","       126","        46","       135","         7","-10","10","4.8","3.70","95","6345",,,"6345",,,,,,,,,,,"35.05","28.7","49.1","59.2","39.1",,,,,,,
"USC00207277","ST JAMES 4 SSW BEAVER ISLAND, MI US","45.6911","-85.5463","204.8","2009",,"140","140","       108","        81","      126","        23","        12","       153","        76","        76","         0","-11","23","9.1","1.44","89","8167",,,"8167",,,,,,,,,,,"30.68","86.5","42.7","50.6","34.8",,,,,,,
"USC00202381","EAST JORDAN, MI US","45.15179","-85.1324","178.9","2009",,"229","229","       136","        72","      114","        38","        21","       156","        58","       122","         7","-25","24","10.3","1.86","94","7347",,,"7347",,,,,,,,,,,"27.12","137.2","44.4","55.7","33.1",,,,,,,
"USC00205097","MAPLE CITY 1 E, MI US","44.855","-85.8352","243.5","2009",,,,,,"      113",,,,,,,,"23",,,,"7570",,,"7570",,,,,,,,,,,,,,,,,,,,,,
"USC00206982","RICHMOND 4 NNW, MI US","42.8783","-82.7958","233.2","2009",,,,,,,,,,,,,,,,,,,,,,,,,,,,,,,,,,,,,,,,,,,
"USC00201052","BROWN CITY, MI US","43.2172","-82.9905","246.9","2009",,,,,,,,,,,,,,,,,,,,,,,,,,,,,,,,,,,,,,,,,,,
"USC00206184","ONAWAY 4 N, MI US","45.4108","-84.2233","227.1","2009",,"210","210","       152","        84","      110","        29","        24","       169","        76","       112","         3","-21","18","11.0","3.74","95","8183",,,"8183",,,,,,,,,,,"31.61","111.1","43.1","53.7","32.6",,,,,,,
"USC00204320","KENT CITY 2 SW, MI US","43.1994","-85.7717","256.0","2009",,,,,,,,,,,,,,,,,,,,,,,,,,,,,,,,,,,,,,,,,,,
"USC00207274","ST IGNACE MACKINAC B, MI US","45.8488","-84.7227","181.4","2009",,,,,,,,,,,,,,,,,,"7977",,,"7977",,,,,,,,,,,,,,,,,,,,,,
"USC00205892","NILES, MI US","41.8405","-86.2658","198.1","2009",,,,"       154","       106","       59","        24",,,,,,,"16","5.0","1.91",,,,,,,,,,,,,,,,"43.57","58.9",,,,,,,,,,
"USC00207275","ST. IGNACE, MI US","45.8608","-84.7196","201.5","2009",,,,,,,,,,,,,,,,,,,,,,,,,,,,,,,,,,,,,,,,,,,
"USR0000MMIO","MIO MICHIGAN, MI US","44.6761","-84.1283","320.0","2009",,"139","139",,,,,"        33","       183","        73","       107","         2","-23",,,,"97","8673",,,"8673",,,,,,,,,,,,,"41.8","53.5","30.2",,,,,,,
"USC00206060","NUNICA 4 W, MI US","43.0975","-86.0894","192.0","2009",,,,,,,,,,,,,,,,,,,,,,,,,,,,,,,,,,,,,,,,,,,
"USW00004839","HOLLAND TULIP CITY AIRPORT, MI US","42.74634","-86.09677","206.5","2009","7.8","482","482","       147","        77",,,"         6","       114","        50","       129","         4","-4",,,"7.14","93","6353",,,"6353",,,,,,,,,,,"47.19",,"49.1","57.7","40.5","       230","       330",,,"40.9","78.1",
"USC00205533","MIO WWTP, MI US","44.6466","-84.1158","316.1","2009",,"206","206","       152","        73","      111","        15","        37","       184","        72","       114","         3","-22","14","8.0","1.30","96","8512",,,"8512",,,,,,,,,,,"30.27","55.4","42.4","54.3","30.6",,,,,,,
"USC00200089","ALBERTA FORD FOR CENTER, MI US","46.6448","-88.4812","399.3","2009",,"150","150",,,,,"        41","       186","        92","        81","         0","-24",,,,"89","9654",,,"9654",,,,,,,,,,,,,"39.2","48.6","29.7",,,,,,,
"USC00201178","CADILLAC 9 AND 10 NEWS, MI US","44.21138","-85.40865","415.4","2009",,,,,,,,,,,,,,,,,,,,,,,,,,,,,,,,,,,,,,,,,,,
"USC00201299","CARO WWTP, MI US","43.4838","-83.3919","210.3","2009",,"284","284","       135","        78","       53","        17","        11","       154","        64","       115","         4","-16","12","4.0","2.60","93","7278",,,"7278",,,,,,,,,,,"35.49","31.4","45.7","56.1","35.3",,,,,,,
"USC00206507","PETOSKEY, MI US","45.3725","-84.9766","182.6","2009",,"161","161","       155","        82",,"        44","        14","       144","        77","        67","         1","-11",,"14.0","1.23","90","8035",,,"8035",,,,,,,,,,,"31.76","152.1","43.0","50.3","35.6",,,,,,,
"USC00208249","TRAVERSE CITY MUNSON, MI US","44.7607","-85.6443","193.5","2009",,"248","248","       175","        90","      109","        34","        10","       154","        71","        99","         1","-5","18","10.0","1.18","93","7906",,,"7906",,,,,,,,,,,"35.48","107.7","44.1","52.7","35.5",,,,,,,
"USC00208800","WEST BRANCH 3 SE, MI US","44.2541","-84.2011","269.7","2009",,"165","165","       142","        67","       93","        15","        32","       181","        75","       104","         2","-16","15","7.8","1.41","95","8538",,,"8538",,,,,,,,,,,"32.85","44.1","42.4","53.5","31.4",,,,,,,
"USC00208920","WHITEFISH POINT, MI US","46.7475","-84.9857","189.6","2009",,,,,,,,,,,,,,,,,,,,,,,,,,,,,,,,,,,,,,,,,,,
"USC00206510","PETOSKEY NCMC, MI US","45.3613","-84.9512","228.0","2009",,"135","135","       165","        79","      106","        39","        21","       163","        80","        77","         1","-18","17","12.2","1.50","90","8539",,,"8539",,,,,,,,,,,"33.03","129.6","41.9","50.8","32.9",,,,,,,
"USC00202395","EAST LANSING 4 S, MI US","42.67417","-84.485","268.2","2009",,,,,,,,,,,,,,,,,,,,,,,,,,,,,,,,,,,,,,,,,,,
"US1MIGR0001","BRECKENRIDGE 0.2 ESE, MI US","43.40691757","-84.4745636","223.1","2009",,,,"       130","        59",,,,,,,,,,,"2.84",,,,,,,,,,,,,,,,"28.13",,,,,,,,,,,
"USC00200094","ALBION, MI US","42.24941","-84.7732","285.0","2009",,,,,,,,,,,,,,,,,,,,,,,,,,,,,,,,,,,,,,,,,,,
"USC00205662","CENTRAL MICHIGAN UNIVERSITY, MI US","43.5859","-84.7694","242.3","2009",,,,,,,,,,,,,,,,,,,,,,,,,,,,,,,,,,,,,,,,,,,
"USC00207280","SAINT JOHNS, MI US","43.0113","-84.5541","226.5","2009",,,,,,,,,,,,,,,,,,,,,,,,,,,,,,,,,,,,,,,,,,,
"USW00094860","GRAND RAPIDS GERALD R FORD INTERNATIONAL AIRPORT, MI US","42.8821","-85.52297","240.3","2009","8.7","437","437","       147","        81","       72","        23","         7","       124","        62","       122","         3","-8","12","7.2","3.15","96","6707",,,"6707",,,,,,,,,,,"42.88","76.4","48.0","56.9","39.1","       260","       190",,,"42.9","53.9",
"USC00202598","ENGADINE MDOT, MI US","46.128","-85.5696","208.8","2009",,,,,,,,,,,,,,,,,,,,,,,,,,,,,,,,,,,,,,,,,,,
"USC00208345","TWIN LAKES, MI US","46.88306","-88.86083","367.6","2009",,"102","102","       161","        99",,"        69","        45","       197","        97","        78","         0","-28",,"17.0","1.86","89",,,,,,,,,,,,,,,"41.79","280.4","38.1","48.1","28.1",,,,,,,
"USC00205073","MANISTIQUE WWTP, MI US","45.9512","-86.2513","182.9","2009",,"74","74","       117","        64","      106","        26","        27","       163","        81","        58","         0","-11","19","7.0","1.33","81","8845",,,"8845",,,,,,,,,,,"26.81","73.1","40.7","48.9","32.6",,,,,,,
"USC00206840","RAPID RIVER 4 SSE, MI US","45.8727","-86.9496","182.3","2009",,,,"       120","        59",,"        17",,,,,,,,"6.0","1.96",,,,,,,,,,,,,,,,"24.57","49.5",,,,,,,,,,
"USC00201150","BURTON 4 N, MI US","43.0675","-83.5919","230.7","2009",,,,,,,,,,,,,,,,,,,,,,,,,,,,,,,,,,,,,,,,,,,
"USR0000MBAL","BALDWIN MICHIGAN, MI US","43.8933","-85.8506","253.6","2009",,"212","212",,,,,"        23","       169","        63","       120","         2","-18",,,,"97","7676",,,"7676",,,,,,,,,,,,,"44.3","55.4","33.3",,,,,,,
"USW00054854","GAYLORD 9 SSW, MI US","44.908","-84.7203","445.3","2009",,"115","115","       146","        82",,,"        17","       159","        82","        76","         1","-12",,,"1.39","91","8623",,,"8623",,,,,,,,,,,"34.82",,"41.7","50.2","33.2",,,,,,,
"USW00004854","GAYLORD OTSEGO CO AIRPORT, MI US","45.01657","-84.68942","405.9","2009","6.5","143","143","       140","        64",,,"        29","       172","        81","        88","         1","-21",,,"1.83","95","8798",,,"8798",,,,,,,,,,,"27.91",,"41.5","51.0","32.0","       240","       230",,,"44.1","57.9",
"USC00202804","FILION 5 NNW, MI US","43.9158","-83.083","193.5","2009",,,,"       146","        75",,"        14","        11","       153",,,,"-20",,"10.4","1.67",,,,,,,,,,,,,,,,"35.46","46.5",,,"35.0",,,,,,,
"USW00094850","MARQUETTE WEATHER SERVICE OFFICE AIRPORT, MI US","46.5313","-87.5491","431.3","2009",,"117","117","       161","        77","      139","        46","        41","       194","        93","        77","         0","-20","36","21.6","1.83","89","9694",,,"9694",,,,,,,,,,,"33.64","188.8","38.7","48.1","29.3",,,,,,,
"USC00200864","BLOOMINGDALE, MI US","42.3838","-85.9626","224.3","2009",,,,"       151","        92",,"        38",,,"        48","       133","         5",,,"10.0","1.84","96",,,,,,,,,,,,,,,"45.24","110.1",,"58.6",,,,,,,,
"USC00204668","CALUMET TAMARACK, MI US","47.24559","-88.46793","377.6","2009",,,,"       122","        71",,"        58",,,,,,,,"22.0","1.90",,,,,,,,,,,,,,,,"29.01","223.7",,,,,,,,,,
"USC00207812","STAMBAUGH 2 SSE, MI US","46.0555","-88.6275","442.0","2009",,"57","57","       112","        60",,"        25","        57","       215","        91","        90","         1","-34",,"6.0","1.43","91","10648",,,"10648",,,,,,,,,,,"25.34","60.8","36.4","49.2","23.6",,,,,,,
"USW00094849","ALPENA CO REGIONAL AIRPORT, MI US","45.0716","-83.56451","208.3","2009","6.7","155","155","       143","        72","      114","        24","        28","       173","        74","        94","         1","-18","28","7.6","1.71","90","8564",,,"8564",,,,,,,,,,,"35.55","84.5","42.4","52.4","32.3","       250","       240",,,"36.0","55.0",
"US1MILL0001","NORTHPORT 5.0 SSW, MI US","45.061489","-85.648567","273.7","2009",,,,"       158","        79",,,,,,,,,,,"2.34",,,,,,,,,,,,,,,,"32.02",,,,,,,,,,,
"USC00200194","AMASA, MI US","46.22889","-88.44444","445.0","2009",,,,"        93","        56",,"        25",,,,,,,,"9.0","1.26",,,,,,,,,,,,,,,,"21.96","59.1",,,,,,,,,,
"USC00202250","DOWAGIAC 1 W, MI US","41.9856","-86.132","225.6","2009",,"335","335","       154","        95","       66","        28","        12","       143","        59","       123","         3","-14","18","12.0","1.95","92","6951",,,"6951",,,,,,,,,,,"44.96","81.0","47.0","56.9","37.1",,,,,,,
"USW00094847","DETROIT METRO AIRPORT, MI US","42.23113","-83.33121","191.9","2009","8.3","574","574","       124","        68","       53","        16","         7","       121","        53","       128","         4","-15","14","6.4","2.59","94","6455",,,"6455",,,,,,,,,,,"34.16","50.0","49.3","58.2","40.5","       240","       230",,,"44.1","55.9",
"USC00201768","COOKS 2 NE, MI US","45.9248","-86.4435","225.6","2009",,,,,,,"        27",,,,,,,,"9.5",,,,,,,,,,,,,,,,,,"91.6",,,,,,,,,,
"USC00203947","HOWELL WWTP, MI US","42.59382","-83.93251","279.5","2009",,"337","337","       144","        75","       59","        15","        13","       152","        57","       128","         4","-16","12","5.0","1.82","93","7062",,,"7062",,,,,,,,,,,"33.63","36.3","46.4","57.5","35.2",,,,,,,
"US1MIOW0003","WALKER 3.2 W, MI US","42.98804","-85.8103","218.8","2009",,,,"       172","        94",,,,,,,,,,,"2.68",,,,,,,,,,,,,,,,"47.39",,,,,,,,,,,
"USC00203268","GLADSTONE 4 NW, MI US","45.8806","-87.0911","225.9","2009",,,,"       139","        69",,"        23",,,,,,,,"5.7","1.82",,,,,,,,,,,,,,,,"27.00","78.0",,,,,,,,,,
"USC00206658","PONTIAC WWTP, MI US","42.6388","-83.2555","271.3","2009",,,,"       143","        69","       68","        15",,,,,,,"12","7.2","2.45",,,,,,,,,,,,,,,,"36.91","38.9",,,,,,,,,,
"USC00202851","FLINT 7 W, MI US","43.0377","-83.7694","207.0","2009",,"316","316","       146","        71","       70","        15","        12","       142","        63","       115","         3","-12","13","6.8","3.44","92","7167",,,"7167",,,,,,,,,,,"34.87","47.4","46.2","55.9","36.5",,,,,,,
"USC00205567","MONTAGUE 4 NW, MI US","43.4614","-86.4175","198.1","2009",,"196","196",,,"       77","        26","         7","       148","        58","       103","         1","-15","20","7.0",,"91","7071",,,"7071",,,,,,,,,,,,"91.6","45.8","54.9","36.7",,,,,,,
"USC00200552","BATTLE CREEK 5 NW, MI US","42.3678","-85.2634","281.3","2009",,,,"        96","        41","       62","        30",,,,,,,"16","8.4","2.75",,,,,,,,,,,,,,,,"18.77","93.9",,,,,,,,,,
"USC00203025","FREMONT 4 WSW, MI US","43.44527","-86.02646","242.9","2009",,"195","195",,,,,"        11","       157","        69","       102","         1","-5",,,,"92","7688",,,"7688",,,,,,,,,,,,,"44.5","53.6","35.5",,,,,,,
"USC00201522","CHESANING, MI US","43.1936","-84.1113","189.0","2009",,,,"       128","        65","       56","        14",,,,,,,"9","3.4","3.29",,,,,,,,,,,,,,,,"33.66","29.3",,,,,,,,,,
"USC00203823","HILLSDALE, MI US","41.9352","-84.6411","329.2","2009",,"369","369","       155","        84",,"        16","        11","       143","        65","       123","         4","-15",,"6.3","2.03","92",,,,,,,,,,,,,,,"42.66","41.3","46.7","56.7","36.7",,,,,,,
"US1MIOW0002","HOLLAND 3.9 NNE, MI US","42.822957","-86.06784","188.1","2009",,,,"       165","        87",,,,,,,,,,,"4.55",,,,,,,,,,,,,,,,"49.31",,,,,,,,,,,
"USC00206662","PORT AUSTIN WWTP, MI US","44.0469","-82.9702","184.4","2009",,,,,,"       68","        22",,,,,,,"15","8.0",,,,,,,,,,,,,,,,,,"49.6",,,,,,,,,,
"USC00205690","MUNISING, MI US","46.4121","-86.6625","207.3","2009",,"89","89","       165","       107",,"        48","        18","       168","        90","        48","         0","-9",,"8.8","1.72","84","9144",,,"9144",,,,,,,,,,,"35.98","172.4","40.0","47.2","32.7",,,,,,,
"USC00206300","OWOSSO WWTP, MI US","43.0161","-84.18","222.5","2009",,"313","313","       158","        76","       66","        11","         9","       152","        62","       121","         3","-9","10","3.3","3.38","92","7221",,,"7221",,,,,,,,,,,"37.18","26.3","46.4","56.3","36.6",,,,,,,
"USC00206663","PORT HOPE, MI US","43.9483","-82.7141","182.9","2009",,"154","154","       160","        78",,"         7","        11","       144","        66","        74","         0","-8",,"3.8","1.62","88",,,,,,,,,,,,,,,"34.83","33.3","44.1","51.6","36.5",,,,,,,
"USC00203391","GRAYLING, MI US","44.6546","-84.6998","346.6","2009",,"159","159","       164","        68","      104","        32","        37","       189","        78","       104","         2","-19","32","11.0","1.53","98","8916",,,"8916",,,,,,,,,,,"30.02","88.7","41.1","52.5","29.6",,,,,,,
"USC00208043","TAHQUAMENON FALLS STATE PARK, MI US","46.6013","-85.2238","227.1","2009",,"91","91","       141","       113","      150","        52","        34","       207","        90","        74","         0","-24","40","11.0","1.75","87","9700",,,"9700",,,,,,,,,,,"38.48","183.9","38.3","49.0","27.7",,,,,,,
"USC00205452","MILFORD GM PROVING GROUND, MI US","42.5794","-83.6844","295.7","2009",,"300","300","       124","        75","       44","         8","        13","       144","        59","       115","         2","-17","12","8.0","1.90","90","6897",,,"6897",,,,,,,,,,,"38.65","26.9","46.0","56.0","36.0",,,,,,,
"USC00205451","MILAN WWTP, MI US","42.0811","-83.6769","207.3","2009",,"477","477","       123","        77","       45","        10","         9","       133","        59","       127","         5","-18","11","4.3","3.22","94","6831",,,"6831",,,,,,,,,,,"34.58","24.6","47.9","57.6","38.1",,,,,,,
"USC00207190","RUDYARD 4 N, MI US","46.2963","-84.5761","229.5","2009",,,,,,,,,,,,,,,,,,,,,,,,,,,,,,,,,,,,,,,,,,,
"USC00204808","LEXINGTON WATER PLANT, MI US","43.263","-82.5327","189.6","2009",,"234","234","       150","        76","       52","        16","        10","       135","        62","        95","         1","-7","11","5.0","2.17","91","7408",,,"7408",,,,,,,,,,,"38.31","38.1","45.4","53.6","37.1",,,,,,,
"USC00203278","GOODRICH, MI US","42.9163","-83.5097","277.4","2009",,"315","315","       141","        68","       68","        10","        12","       152","        61","       128","         3","-16","12","6.8","4.65","93","7162",,,"7162",,,,,,,,,,,"34.70","37.7","46.3","57.0","35.5",,,,,,,
"USC00201896","CROSS VILLAGE 1 E, MI US","45.6413","-85.0141","219.8","2009",,,,"       141","        80","      113","        25",,,,,,,"19","6.3","1.63",,,,,,,,,,,,,,,,"32.45","76.4",,,,,,,,,,
"USC00202503","ELLSWORTH 2 ENE, MI US","45.18056","-85.19917","214.0","2009",,"143","143","       169","        89","      115","        40","        26","       180","        78","        88","         1","-22","26","11.0","1.76","92","8615",,,"8615",,,,,,,,,,,"32.29","145.8","41.5","51.8","31.2",,,,,,,
"USC00206303","OXFORD, MI US","42.8094","-83.2569","317.0","2009",,,,,,,,,,,,,,,,,,,,,,,,,,,,,,,,,,,,,,,,,,,
"USC00202984","FRANKFORT 2 NE, MI US","44.64822","-86.20986","289.0","2009",,,,,,"      110","        29",,,,,,,"24","6.9",,,,,,,,,,,,,,,,,,"83.3",,,,,,,,,,
"USC00204130","ISHPEMING WWTP, MI US","46.4911","-87.6894","428.5","2009",,"120","120","       153","        66",,,"        35","       180","        85","        91","         1","-16",,,"1.35","91","8866",,,"8866",,,,,,,,,,,"26.17",,"40.0","51.0","29.0",,,,,,,
"USC00208972","WHITMORE LAKE 1 NW, MI US","42.4355","-83.783","276.1","2009",,"283","283","       136","        86","       54","         9","        12","       153","        63","       119","         1","-16","12","6.2","3.20","91",,,,,,,,,,,,,,,"40.04","31.4","45.9","56.2","35.7",,,,,,,
"USC00201780","COPPER HARBOR FORT WILKINS, MI US","47.4679","-87.8671","190.5","2009",,"132","132",,,,,"        17","       160","        84","        72","         0","-18",,,,"87","8708",,,"8708",,,,,,,,,,,,,"41.0","48.6","33.4",,,,,,,
"USC00208293","TROUT LAKE 1 SW, MI US","46.1796","-85.0311","250.9","2009",,"89","89","       152","        75","      123","        26","        32","       178","        79","        70","         0","-20","24","6.0","1.51","88","8935",,,"8935",,,,,,,,,,,"30.31","64.8","40.8","50.2","31.4",,,,,,,
"USR0000MSPI","SPINCICH LAKE MICHIGAN, MI US","46.4578","-85.6272","273.1","2009",,,,,,,,,,,,,,,,,,"9881",,,"9881",,,,,,,,,,,,,,,,,,,,,,
"USC00200417","BAD AXE, MI US","43.808","-82.9938","217.9","2009",,"257","257","       127","        64","       65","        10","        10","       147","        67","       103","         1","-13","12","7.0","2.65","91","7504",,,"7504",,,,,,,,,,,"30.87","34.6","45.3","54.5","36.0",,,,,,,
"USC00202955","FRANKENMUTH 1 SE, MI US","43.3194","-83.7161","193.5","2009",,,,,,"       70","        15",,,,,,,"12","5.8",,,,,,,,,,,,,,,,,,"36.7",,,,,,,,,,
"USC00200779","BIG RAPIDS WATER TREATMENT PLANT, MI US","43.7072","-85.4819","273.7","2009",,"169","169","       156","        74","       84","        10","        17","       169","        69","       109","         2","-14","10","6.0","1.66","90","7962",,,"7962",,,,,,,,,,,"38.52","45.4","43.7","54.2","33.1",,,,,,,
"USC00200770","BIG BAY 1 NW, MI US","46.8325","-87.7504","233.2","2009",,"153","153","       178","        80","      136","        45","        23","       179","        86","        82","         2","-10","32","8.5","2.02","94","9034",,,"9034",,,,,,,,,,,"37.10","166.9","40.7","49.2","32.2",,,,,,,
"USC00201502","CHELSEA, MI US","42.3263","-84.0133","274.3","2009",,"398","398","       117","        89","       56","        12","        11","       139","        61","       123","         4","-17","12","5.1","2.61","92","6955",,,"6955",,,,,,,,,,,"37.70","31.9","47.1","56.7","37.4",,,,,,,
"USW00094815","KALAMAZOO BATTLE CREEK INTERNATIONAL AIRPORT, MI US","42.22826","-85.546","263.3","2009","7.4","462","462","       144","        65",,,"         8","       125","        56","       124","         5","-13",,,"1.39","96","6630",,,"6630",,,,,,,,,,,"30.99",,"48.2","57.6","38.6","       270","        10",,,"36.9","53.0",
"USC00208941","WHITE LAKE 4 E, MI US","42.698","-83.4716","321.0","2009",,"284","284","       159","        81","       68","        19","        14","       147","        64","       114","         2","-14","15","7.0","2.11","91","7337",,,"7337",,,,,,,,,,,"36.30","56.0","45.8","55.5","36.1",,,,,,,
"US1MIKN0048","KENTWOOD 1.6 WSW, MI US","42.874211","-85.622056","227.1","2009",,,,"       159","        95",,,,,,,,,,,"2.53",,,,,,,,,,,,,,,,"45.79",,,,,,,,,,,
"USW00094817","PONTIAC OAKLAND CO INTERNATIONAL AIRPORT, MI US","42.66314","-83.41016","295.4","2009","7.8","420","420","       145","        63",,,"         7","       137","        61","       118","         3","-10",,,"2.13","92","7073",,,"7073",,,,,,,,,,,"32.01",,"47.2","56.0","38.4","       250","       240",,,"46.1","68.0",
"USC00209110","WYANDOTTE, MI US","42.20844","-83.1626","176.8","2009",,,,"       137","        75","       57","        17",,,,,,,"14","5.9","2.38",,,,,,,,,,,,,,,,"35.30","49.6",,,,,,,,,,
"USW00094814","HOUGHTON LAKE ROSCOMMON CO AIRPORT, MI US","44.35904","-84.6739","350.6","2009","7.2","152","152","       131","        62","      115","        17","        29","       169","        77","       101","         1","-18","21","6.6","1.55","93","8482",,,"8482",,,,,,,,,,,"31.15","56.2","42.2","52.7","31.8","       270","       270",,,"34.9","46.1",
"USW00054810","CHATHAM 1 SE, MI US","46.3345","-86.92","266.7","2009",,"69","69",,,,,"        39","       189","        89","        71","         0","-24",,,,"86","9566",,,"9566",,,,,,,,,,,,,"38.9","48.6","29.2",,,,,,,
"USW00054813","MUNSING LAKESHORE, MI US","46.412036","-86.650452","186.5","2009","8.5","131","131","       160","        78",,,"        13","       173","        83","        62","         0","-13",,,"1.54","89",,,,,,,,,,,,,,,"27.98",,"41.2","49.3","33.0","       360","       280",,,"38.0","69.1",
"USC00204104","IRONWOOD, MI US","46.4656","-90.1892","435.9","2009",,"140","140","       163","        71","      122","        43","        46","       189","        92","        88","         0","-26","30","22.1","1.52","89","9824",,,"9824",,,,,,,,,,,"28.86","179.5","38.8","48.5","29.1",,,,,,,
"USC00205434","MIDLAND, MI US","43.6088","-84.2011","195.1","2009",,"383","383","       130","        67","       65","        10","         8","       137","        66","       111","         4","-6","10","4.7","2.44","93","7065",,,"7065",,,,,,,,,,,"35.57","26.2","46.9","55.7","38.0",,,,,,,
"USC00208706","WATTON 2 WSW, MI US","46.52664","-88.64243","424.9","2009",,"71","71","       160","        69","      139","        39","        38","       206","        95","        68","         0","-21","24","11.5","1.18","87","10154",,,"10154",,,,,,,,,,,"27.87","120.6","37.8","47.1","28.4",,,,,,,
"USC00203930","HOUGHTON LAKE 2 NW, MI US","44.3122","-84.7747","353.9","2009",,,,"       142","        72","      103","        27","        29","       177","        71","       105","         1","-16","18","6.6","1.60","95",,,,,,,,,,,,,,,"32.58","72.8","42.2","53.6","30.8",,,,,,,
"USC00209006","WILLIAMSTON, MI US","42.7103","-84.2503","272.8","2009",,,,,,,,,,,,,,,,,,,,,,,,,,,,,,,,,,,,,,,,,,,
"US1MIOT0001","GAYLORD 2.2 SE, MI US","44.997831","-84.653117","402.0","2009",,,,"       159","        86","      119","        36",,,,,,,"23","12.7","1.61",,,,,,,,,,,,,,,,"34.64","131.0",,,,,,,,,,
"USC00203628","HARRISVILLE 2 NNE, MI US","44.6819","-83.2808","178.3","2009",,"111","111","       143","        73","      103","        14","        14","       158","        71","        77","         1","-8","19","6.2","1.34","91","8237",,,"8237",,,,,,,,,,,"32.77","50.6","42.9","50.8","34.9",,,,,,,
"USC00205807","NEW BALTIMORE 5 SW, MI US","42.6502","-82.8044","173.7","2009",,,,,,,,,,,,,,,,,,,,,,,,,,,,,,,,"34.62",,,,,,,,,,,
"USR0000MWDO","WINDIGO MICHIGAN, MI US","47.9117","-89.1547","213.4","2009",,"88","88",,,,,"        26","       148","        91","        61","         0","-15",,,,"84","9079",,,"9079",,,,,,,,,,,,,"39.8","46.7","32.9",,,,,,,
"USW00014804","MOUNT CLEMENS ANG BASE, MI US","42.6083","-82.8183","176.8","2009",,"393","393",,,,,"         6","       134","        53","       117","         1","-10",,,,"94","6835",,,"6835",,,,,,,,,,,,,"47.5","56.6","38.4",,,,,,,
"USC00200230","ANN ARBOR U OF MICH, MI US","42.29806","-83.66388","247.8","2009",,"487","487","       172","        81","       59","        20","         5","       128","        54","       137","         5","-10","12","6.6","2.65","93","6545",,,"6545",,,,,,,,,,,"41.30","58.2","48.8","58.0","39.6",,,,,,,
"USC00207308","SALINE WWTP, MI US","42.1611","-83.7819","228.6","2009",,,,,,"       45",,,,"        47","       129","         6",,"11",,,"97",,,,,,,,,,,,,,,"33.20",,,"58.9",,,,,,,,
"USC00204399","KINGSLEY 2 WSW, MI US","44.5694","-85.5722","330.7","2009",,"244","244","       147","        82","      109","        39","        28","       161","        68","       119","         3","-14","20","10.0","1.57","96","7652",,,"7652",,,,,,,,,,,"35.32","129.3","44.5","55.1","33.9",,,,,,,
"USC00205488","MILLINGTON 3 SE, MI US","43.2836","-83.4791","249.9","2009",,,,"       126","        75","       53","        18",,,,,,,"13","5.5","1.73",,,,,,,,,,,,,,,,"32.82","49.9",,,,,,,,,,
"USC00200234","ARNOLD 2 N, MI US","46.07511","-87.48987","338.6","2009",,,,,,,,,,,,,,,,,,,,,,,,,,,,,,,,,,,,,,,,,,,
"USC00204954","LUDINGTON, MI US","43.9066","-86.3942","210.3","2009",,"130","130","        98","        73","       80","        22","         2","       157","        64","        93","         0","-9","32","14.2","2.28","87","6788",,,"6788",,,,,,,,,,,"35.51","96.1","44.5","53.3","35.7",,,,,,,
"USC00203744","HERMAN, MI US","46.6653","-88.3772","523.3","2009",,"76","76","       186","        85","      157","        52","        47","       197","        91","        77","         1","-28","36","21.3","2.44","91",,,,,,,,,,,,,,,"40.50","210.6","37.8","48.2","27.5",,,,,,,
"USC00204161","JACOBSVILLE, MI US","47.0083","-88.4318","198.1","2009",,,,,,,,,,,,,,,,,,,,,,,,,,,,,,,,,,,,,,,,,,,
"USC00207312","SALINE 4 SW, MI US","42.1236","-83.8199","256.0","2009",,"369","369","       134","        79",,"        15","        12","       149","        56","       131","         5","-16",,"3.5","1.97","94",,,,,,,,,,,,,,,"32.99","30.8","46.8","57.7","35.9",,,,,,,
"USC00206587","PINCONNING WWTP, MI US","43.85667","-83.95611","178.9","2009",,,,,,"       63",,,,"        62","       112","         3",,"10",,,"91",,,,,,,,,,,,,,,"33.42",,,"55.7",,,,,,,,
"USC00203078","GARDEN CORNERS, MI US","45.8983","-86.5485","178.9","2009",,,,"       134","        61","      114","        23",,,,,,,"19","9.0","1.62",,,,,,,,,,,,,,,,"29.69","73.9",,,,,,,,,,
"USC00200361","AUBURN 2 NE, MI US","43.6252","-84.0188","184.4","2009",,,,,,"       68","        15",,,,,,,"13","8.0",,,,,,,,,,,,,,,,,"31.61","43.6",,,,,,,,,,
"US1MIWS0007","ANN ARBOR 3.1 SE, MI US","42.239144","-83.69582","251.5","2009",,,,,,,"        11",,,,,,,,"5.1",,,,,,,,,,,,,,,,,,"30.8",,,,,,,,,,
"USC00206220","ONTONAGON 6 SE, MI US","46.8343","-89.2074","240.8","2009",,"188","188","       149","        90","      109","        60","        36","       168","        79","       113","         3","-27","34","9.0","1.95","92","8732",,,"8732",,,,,,,,,,,"35.60","210.6","41.7","52.4","31.0",,,,,,,
"USC00206583","PICKFORD 3 NE, MI US","46.1863","-84.3238","191.7","2009",,"103","103","       125","        70","      123","        33","        38","       191","        77","        92","         1","-27","21","9.5","1.62","91","8886",,,"8886",,,,,,,,,,,"28.96","70.9","40.2","51.6","28.7",,,,,,,
"USW00014814","ALPENA WASTEWATER PLANT, MI US","45.0605","-83.428","179.8","2009",,,,"       191","        76","       98","        21","        20","       138","        73","        83","         2","-8","34","9.0","1.82","90",,,,,,,,,,,,,,,"37.20","60.0","43.3","51.1","35.5",,,,,,,
"USC00208080","TECUMSEH, MI US","42.0027","-83.9336","237.7","2009",,"340","340","       131","        79",,"        10","        13","       148","        51","       134","         5","-14",,"4.8","2.52","94","6810",,,"6810",,,,,,,,,,,"36.20","21.1","46.8","58.2","35.3",,,,,,,
"USC00202308","DUNDEE, MI US","41.9552","-83.6488","201.2","2009",,"526","526","       132","        74","       54","        13","         9","       127","        51","       134","         4","-15","11","6.4","2.07","94","6617",,,"6617",,,,,,,,,,,"33.68","31.4","48.5","58.3","38.7",,,,,,,
"USC00203518","GWINN SHAG LAKE, MI US","46.2643","-87.5149","359.1","2009",,,,"       107","        66","      121","        31",,,,,,,"28","12.0","1.40",,,,,,,,,,,,,,,,"25.27","83.0",,,,,,,,,,
"USC00203639","HARVEY, MI US","46.4907","-87.3544","195.1","2009",,,,,,,,,,,,,,,,,,,,,,,,,,,,,,,,,,,,,,,,,,,
"USC00202427","EASTPOINTE, MI US","42.4588","-82.9438","182.9","2009",,"534","534","       150","        79","       54","        10","         5","       132","        44","       133","         4","-7","14","6.5","1.70","95","6521",,,"6521",,,,,,,,,,,"35.08","37.3","48.9","58.7","39.1",,,,,,,
"USC00200925","BOYNE FALLS, MI US","45.1672","-84.9138","221.9","2009",,"375","375","       137","        79","      104","        30","        20","       159","        70","       122","         6","-20","16","10.0","2.00","97","7720",,,"7720",,,,,,,,,,,"31.14","112.7","44.8","55.3","34.4",,,,,,,
"USC00205810","NEWBERRY 1 N, MI US","46.3724","-85.5089","219.5","2009",,"57","57","       157","        78","      115","        36","        41","       195","        84","        77","         0","-28","27","13.0","1.66","88","9408",,,"9408",,,,,,,,,,,"30.02","105.2","38.5","49.4","27.6",,,,,,,
"USW00014815","BATTLE CREEK KELLOGG AIRPORT, MI US","42.31192","-85.24147","282.5","2009","8.3","492","492","       130","        57",,,"         9","       127","        61","       125","         4","-12",,,"2.22","95","6719",,,"6719",,,,,,,,,,,"28.71",,"48.2","57.4","39.1","       270","       270",,,"38.9","55.0",
"US1MIKN0031","BYRON CENTER 2.9 NE, MI US","42.841573","-85.683517","217.6","2009",,,,"       146","        86",,,,,,,,,,,"2.44",,,,,,,,,,,,,,,,"42.84",,,,,,,,,,,
"USC00203632","HART 3 WSW, MI US","43.6751","-86.4228","236.2","2009",,"262","262","       143","        83","       87","        28","         7","       149","        68","       117","         1","-11","21","13.2","3.97","98","7536",,,"7536",,,,,,,,,,,"43.54","86.4","45.2","54.8","35.5",,,,,,,
"USW00014817","CADILLAC, MI US","44.2655","-85.3966","394.7","2009",,"195","195","       170","        79",,,"        28","       167","        74","       103","         2","-18",,,"1.62","95","8030",,,"8030",,,,,,,,,,,"35.64",,"42.8","52.8","32.8",,,,,,,
"USC00202788","FIFE LAKE 3 WSW, MI US","44.565","-85.4133","338.9","2009",,,,,,,,,,,,,,,,,,,,,,,,,,,,,,,,,,,,,,,,,,,
"USC00202423","EAST TAWAS, MI US","44.2838","-83.5036","178.6","2009",,"206","206","       124","        73","       81","        10","        18","       160","        64","       103","         0","-14","15","8.6","1.41","88","7978",,,"7978",,,,,,,,,,,"33.61","35.8","44.1","53.9","34.3",,,,,,,
"USC00206228","ONTONAGON 8 WSW, MI US","46.8374","-89.4833","186.8","2009",,,,"       162","       104",,"        72",,,,,,,,"17.0","1.08",,,,,,,,,,,,,,,,"37.24","314.1",,,,,,,,,,
"USC00207684","SOUTH BOARDMAN 2 W, MI US","44.6391","-85.325","318.8","2009",,"202","202","       149","        89","      114","        38","        25","       174","        78","       106","         2","-18","26","11.6","1.55","97","8249",,,"8249",,,,,,,,,,,"35.89","142.2","42.5","52.8","32.1",,,,,,,
"USC00208774","WELLSTON 1 N, MI US","44.2294","-85.9572","235.6","2009",,"280","280","       155","        85","      107","        33","        23","       160","        60","       125","         2","-16","24","10.6","1.98","96","7585",,,"7585",,,,,,,,,,,"37.55","113.1","45.0","55.9","34.1",,,,,,,
"USR0000MDOE","DOE LAKE MICHIGAN, MI US","46.2536","-86.7142","248.4","2009",,"69","69",,,,,"        46","       215","        85","        82","         1","-30",,,,"92","9798",,,"9798",,,,,,,,,,,,,"38.2","50.1","26.3",,,,,,,
"US1MIKN0039","WYOMING 0.5 NNE, MI US","42.898951","-85.697975","209.1","2009",,,,"       125","        81",,,,,,,,,,,"2.17",,,,,,,,,,,,,,,,"42.48",,,,,,,,,,,
"USC00209188","YALE 1 NNW, MI US","43.1447","-82.8011","249.9","2009",,,,"       153","        73","       59","         9",,,,,,,"15","3.0","2.08",,,,,,,,,,,,,,,,"32.34","29.7",,,,,,,,,,
"USW00014822","DETROIT CITY AIRPORT, MI US","42.40725","-83.00899","189.8","2009","7.8","592","592","       120","        64",,,"         5","       115","        52","       123","         3","-4",,,"1.93","94","6378",,,"6378",,,,,,,,,,,"31.17",,"49.6","57.8","41.4","       230","       240",,,"38.0","55.0",
"USC00208890","WHITE CLOUD 9 E, MI US","43.5491","-85.5841","263.7","2009",,,,"       142","        74","       96","        20",,,,,,,"19","4.0","2.73",,,,,,,,,,,,,,,,"41.82","41.3",,,,,,,,,,
"USC00208772","WELLSTON TIPPY DAM, MI US","44.2586","-85.9394","198.1","2009",,,,"       133","        77","      111",,,,,,,,"32",,"1.60",,,,,,,,,,,,,,,,"35.21",,,,,,,,,,,
"USC00207320","SAMARIA, MI US","41.8069","-83.583","198.7","2009",,,,,,,,,,,,,,,,,,,,,,,,,,,,,,,,,,,,,,,,,,,
"US1MIHL0001","LITCHFIELD 0.3 ENE, MI US","42.045278","-84.753056","317.0","2009",,,,"       160","        77",,,,,,,,,,,"2.01",,,,,,,,,,,,,,,,"40.96",,,,,,,,,,,
"USC00203969","HUDSON 3 E, MI US","41.8483","-84.2938","266.7","2009",,,,,,"       53","        10",,,,,,,"11","6.2",,,,,,,,,,,,,,,,,,"31.9",,,,,,,,,,
"USC00202751","FENNVILLE 3 W, MI US","42.5939","-86.1558","216.4","2009",,,,,,,,,,,,,,,,,,,,,,,,,,,,,,,,,,,,,,,,,,,
"USC00202631","ESSEXVILLE, MI US","43.6155","-83.845","179.2","2009",,,,"       110","        74",,"        10",,,"        60","       119","         4",,,"5.0","1.65","94",,,,,,,,,,,,,,,"31.58","27.5",,"56.6",,,,,,,,
"USC00204258","KALKASKA 11 SE, MI US","44.5897","-85.0486","330.1","2009",,"121","121","       157","        87","      127","        39","        32","       191","        80","       106","         2","-24","26","16.2","1.56","94","8952",,,"8952",,,,,,,,,,,"35.65","127.5","40.7","51.7","29.7",,,,,,,
"USC00207407","SCOTTVILLE 2 SE, MI US","43.9331","-86.2453","203.0","2009",,,,,,,,,,,,,,,,,,,,,,,,,,,,,,,,,,,,,,,,,,,
"USC00204257","KALKASKA, MI US","44.728","-85.1727","315.5","2009",,"152","152","       157","        81","      105","        46","        33","       180","        83","        98","         2","-26","20","8.0","1.90","94","8869",,,"8869",,,,,,,,,,,"31.41","129.5","41.0","51.3","30.6",,,,,,,
"US1MIMB0009","NEW BALTIMORE 0.4 SSE, MI US","42.677025","-82.735671","175.0","2009",,,,"       148","        71",,,,,,,,,,,"3.17",,,,,,,,,,,,,,,,"34.93",,,,,,,,,,,
"USC00206442","PELLSTON AIRPORT NUMBER 2, MI US","45.5719","-84.7858","217.0","2009",,"111","111","       107","        78",,"        25","        43","       185","        78","        91","         3","-22",,"11.0","3.62","91","8939",,,"8939",,,,,,,,,,,"33.60","93.9","40.1","51.3","28.9",,,,,,,
"USC00205591","MORAN, MI US","45.9902","-84.8361","211.8","2009",,"80","80","       153","        78","      123","        20","        40","       182","        79","        81","         0","-20","22","6.1","1.82","86","9262",,,"9262",,,,,,,,,,,"33.07","63.2","40.0","50.3","29.7",,,,,,,
"USC00206680","PORT HURON, MI US","42.975","-82.4194","179.8","2009",,"428","428","       144","        75","       49","        14","         5","       111","        53","       111","         1","-6","9","6.5","1.91","93","6730",,,"6730",,,,,,,,,,,"38.93","36.4","48.1","55.7","40.5",,,,,,,
"USC00203295","GRAND HAVEN WASTEWATER PLANT, MI US","43.0618","-86.2044","182.9","2009",,"185","185","       139","        78","       62","        19","         6","       142","        71","        95","         1","-2","15","10.0","2.50","90","7448",,,"7448",,,,,,,,,,,"40.26","66.6","44.9","52.8","36.9",,,,,,,
"USC00207094","ROGERS CITY, MI US","45.4169","-83.8158","187.5","2009",,,,,,,,,,,,,,,,,,"8087",,,"8087",,,,,,,,,,,,,,,,,,,,,,
"USC00208184","THREE RIVERS, MI US","41.9299","-85.6385","246.9","2009",,"403","403","       152","        81",,"        15","        12","       144","        52","       133","         5","-16",,"7.5","1.56","95","6750",,,"6750",,,,,,,,,,,"39.09","40.8","47.9","58.3","37.6",,,,,,,
"USC00207096","ROGERS CITY HOEFT SP, MI US","45.46477","-83.88252","185.0","2009",,,,,,,,,,,,,,,,,,,,,,,,,,,,,,,,,,,,,,,,,,,
"USC00200228","ANN ARBOR SE, MI US","42.2416","-83.6933","253.6","2009",,"367","367","       163","        81","       65","        20","        11","       152","        53","       134","         4","-13","12","5.7","1.46","94","7016",,,"7016",,,,,,,,,,,"37.91","54.3","47.1","58.1","36.1",,,,,,,
"USC00200106","ALGONAC WWTP, MI US","42.6158","-82.5436","176.8","2009",,"496","496","       151","        72","       56","        11","         8","       132","        47","       132","         6","-8","12","9.0","2.23","94","6500",,,"6500",,,,,,,,,,,"33.90","34.1","48.5","58.6","38.4",,,,,,,
"USC00201439","CHAMPION VAN RIPER P, MI US","46.5193","-87.9859","487.4","2009",,,,,,,,,,,,,,,,,,,,,,,,,,,,,,,,,,,,,,,,,,,
"USC00203858","HOLLAND, MI US","42.7988","-86.205","188.1","2009",,,,,,,,,,,,,,,,,,,,,,,,,,,,,,,,,,,,,,,,,,,
"USC00200220","ANN ARBOR 1 W, MI US","42.2875","-83.7611","263.7","2009",,,,,,"       64","        15",,,,,,,"10","5.4",,,,,,,,,,,,,,,,,,"40.0",,,,,,,,,,
"USC00207419","SEBEWAING, MI US","43.73194","-83.45917","178.0","2009",,,,,,,"        16",,,,,,,,"3.0",,,,,,,,,,,,,,,,,,"28.4",,,,,,,,,,
"USC00200342","ATLANTA, MI US","45.00471","-84.14043","267.9","2009",,"123","123","       131","        63","      102","        22","        46","       199","        77","       108","         3","-26","15","7.0","4.59","98",,,,,,,,,,,,,,,"30.91","68.7","40.1","53.0","27.2",,,,,,,
"USC00201675","COLDWATER ST SCHOOL, MI US","41.9622","-84.9925","299.9","2009",,"338","338","       154","        85",,"        16","        10","       131","        64","       114","         4","-14",,"5.5","2.21","91","6921",,,"6921",,,,,,,,,,,"42.31","40.6","47.0","55.5","38.5",,,,,,,
"USC00204944","LOWELL, MI US","42.9291","-85.3402","195.1","2009",,,,"       143","        98",,"        28",,,,,,,,"7.5","2.02",,,,,,,,,,,,,,,,"43.07","87.5",,,,,,,,,,
"USC00201435","CLARKSBURG, MI US","46.49909","-87.84506","473.7","2009",,"65","65","       156","        69","      134","        31","        58","       227","        88","        98","         1","-31","28","12.0","1.48","91","10354",,,"10354",,,,,,,,,,,"25.33","97.1","36.8","50.1","23.5",,,,,,,
"USC00202094","DETOUR VILLAGE, MI US","45.9983","-83.9013","181.4","2009",,"104","104","       148","        92","      123","        28","        19","       154","        87","        66","         0","-14","25","8.0","1.78","84","8868",,,"8868",,,,,,,,,,,"32.16","90.1","41.3","48.8","33.8",,,,,,,
"US1MIKN0014","GRANDVILLE 1.3 WSW, MI US","42.897161","-85.779139","186.2","2009",,,,"       173","        89","       76","        28",,,,,,,"18","8.4","2.44",,,,,,,,,,,,,,,,"48.54","93.5",,,,,,,,,,
"USC00203188","GLENNIE 2 SE, MI US","44.5358","-83.7022","272.5","2009",,"103","103","       117","        78","       82","        14","        31","       187","        75","        91","         1","-20","11","9.0","1.52","92","8694",,,"8694",,,,,,,,,,,"35.71","38.3","41.3","52.5","30.1",,,,,,,
